AID;DOI;MAT;DN;DOA;LNG;Druck;Verlegetiefe;Risikobewertung_Städtische Lage*Bebauung;Städtischen Lage;Bebauung;MAT_zusammengefasst;
1;1990;PE;100;;19,886454;4,5;2,5;6;Stadtrand-02;Wohngebiet-03;Kunststoff; 
1569;2014;PE;100;;33,24519;4,5;1,1;9;Innenstadt-03;Wohngebiet-03;Kunststoff;
1571;1978;PE;100;;31,782318;5;2,5;6;Innenstadt-03;Gewerbegebiet-02;Kunststoff;
1572;1981;PE;100;;32,414232;5;1,9;6;Innenstadt-03;Gewerbegebiet-02;Kunststoff; 
1574;1967;PE;100;;28,17958;4,3;2,3;6;Innenstadt-03;Gewerbegebiet-02;Kunststoff;
1577;1943;GG;100;2013;23,852229;5;1,4;6;Stadtrand-02;Wohngebiet-03;Guss;
1579;1974;PE;100;;30,689178;5;1,3;6;Innenstadt-03;Gewerbegebiet-02;Kunststoff;
1580;1978;PE;100;;31,782318;4,5;1;9;Innenstadt-03;Wohngebiet-03;Kunststoff;
1581;1939;GG;100;1991;20,325528;4,6;1,3;6;Stadtrand-02;Wohngebiet-03;Guss;
1582;1986;PE;100;;33,079379;3,9;2,4;6;Innenstadt-03;Gewerbegebiet-02;Kunststoff;
1583;1981;PE;100;;32,414232;4;2,1;6;Innenstadt-03;Gewerbegebiet-02;Kunststoff;
1586;1966;PE;100;;27,768717;4,9;2,1;6;Innenstadt-03;Gewerbegebiet-02;Kunststoff;
1587;1971;PE;100;;29,698531;3,5;1,1;9;Innenstadt-03;Wohngebiet-03;Kunststoff;
1588;1960;GG;100;;106,482669;4;1,1;6;Stadtrand-02;Wohngebiet-03;Guss;
1589;1978;PE;100;;31,782318;5;2,5;9;Innenstadt-03;Wohngebiet-03;Kunststoff;
1591;1966;PE;100;;27,768717;5;2,2;9;Innenstadt-03;Wohngebiet-03;Kunststoff;
1592;1907;GG;100;;33,039482;4,1;1;6;Stadtrand-02;Wohngebiet-03;Guss;
1593;1916;GG;100;2012;7,950743;3,8;2,4;6;Stadtrand-02;Wohngebiet-03;Guss;
1594;1973;PE;100;;30,374322;4,4;1,2;9;Innenstadt-03;Wohngebiet-03;Kunststoff;
1596;1954;GG;100;1995;128,335625;4,6;2;6;Stadtrand-02;Wohngebiet-03;Guss;
1597;1954;GG;100;1985;128,335625;4;2,4;6;Stadtrand-02;Wohngebiet-03;Guss;
1599;1952;PE;100;;21,171588;3,6;1,2;9;Innenstadt-03;Wohngebiet-03;Kunststoff;
1600;1977;PE;100;;31,534986;4,1;1,4;9;Innenstadt-03;Wohngebiet-03;Kunststoff;
1602;1956;PE;100;;23,165407;4,9;1,7;9;Innenstadt-03;Wohngebiet-03;Kunststoff;
1605;1960;PE;100;;25,094786;4,8;2;9;Innenstadt-03;Wohngebiet-03;Kunststoff;
1606;1976;PE;100;;31,270029;4,2;1,7;9;Innenstadt-03;Wohngebiet-03;Kunststoff;
1608;1898;GG;100;1988;25,09587;4,3;1,7;6;Stadtrand-02;Wohngebiet-03;Guss;
1610;1957;PE;100;;23,655546;4;2,4;9;Innenstadt-03;Wohngebiet-03;Kunststoff;
1612;1896;GG;100;2006;23,321366;3,6;1,3;6;Stadtrand-02;Wohngebiet-03;Guss;
1613;1988;PE;100;;33,20366;4,4;2,1;6;Innenstadt-03;Gewerbegebiet-02;Kunststoff;
1615;1998;PE;100;;33,24519;4,6;1,9;6;Innenstadt-03;Gewerbegebiet-02;Kunststoff;
1622;1964;PE;100;;26,914363;4,7;1,5;6;Innenstadt-03;Gewerbegebiet-02;Kunststoff;
1623;1981;PE;100;;32,414232;4,1;1,1;6;Innenstadt-03;Gewerbegebiet-02;Kunststoff;
1624;1906;GG;100;1987;32,18795;3,5;1,9;6;Stadtrand-02;Wohngebiet-03;Guss;
1625;2007;PE;100;;33,24519;3,6;2,2;6;Innenstadt-03;Gewerbegebiet-02;Kunststoff;
1626;1934;GG;100;1963;75,287609;4,3;2,4;6;Stadtrand-02;Wohngebiet-03;Guss;
1629;1961;PE;100;;25,561763;3,6;1,4;6;Innenstadt-03;Gewerbegebiet-02;Kunststoff;
1630;2015;PE;100;;33,24519;4,6;1,1;9;Innenstadt-03;Wohngebiet-03;Kunststoff;
1631;2005;PE;100;;33,24519;4,2;1,3;9;Innenstadt-03;Wohngebiet-03;Kunststoff;
1633;2004;PE;100;;33,24519;4,3;2,4;6;Innenstadt-03;Gewerbegebiet-02;Kunststoff;
1637;1890;GG;100;1968;18,223342;3,9;2,3;6;Stadtrand-02;Wohngebiet-03;Guss;
1638;1920;GG;100;2013;41,93147;5;1,8;6;Stadtrand-02;Wohngebiet-03;Guss;
1640;2013;PE;100;;33,24519;4,8;2,2;6;Innenstadt-03;Gewerbegebiet-02;Kunststoff;
1644;1957;PE;100;;23,655546;3,8;1,9;6;Innenstadt-03;Gewerbegebiet-02;Kunststoff;
1645;1965;PE;100;;27,346747;4,7;1,4;6;Innenstadt-03;Gewerbegebiet-02;Kunststoff;
1647;1959;PE;100;;24,620947;4,1;1,5;6;Innenstadt-03;Gewerbegebiet-02;Kunststoff;
1649;1911;GG;100;1964;36,271656;4,4;1,7;6;Stadtrand-02;Wohngebiet-03;Guss;
1651;1962;PE;100;;26,021161;3,7;1,7;6;Innenstadt-03;Gewerbegebiet-02;Kunststoff;
1655;1965;PE;100;;27,346747;4,3;1,9;6;Innenstadt-03;Gewerbegebiet-02;Kunststoff;
1656;1912;GG;100;;37,024956;4,8;2,1;6;Stadtrand-02;Wohngebiet-03;Guss;
1658;1951;PE;100;;20,668227;3,5;2,3;6;Innenstadt-03;Gewerbegebiet-02;Kunststoff;
1659;1894;GG;100;;21,576228;4,9;1,2;6;Stadtrand-02;Wohngebiet-03;Guss;
1661;1995;PE;100;;33,24519;4,4;2,1;9;Innenstadt-03;Wohngebiet-03;Kunststoff;
1662;1933;GG;100;;69,964099;4,5;2,2;6;Stadtrand-02;Wohngebiet-03;Guss;
1666;1969;PE;100;;28,965272;3,8;2,3;6;Innenstadt-03;Gewerbegebiet-02;Kunststoff;
1667;2012;PE;100;;33,24519;3,5;1,5;6;Innenstadt-03;Gewerbegebiet-02;Kunststoff;
1669;1937;GG;100;;91,345489;4,7;1,3;6;Stadtrand-02;Wohngebiet-03;Guss;
1671;1927;GG;100;2009;44,105839;4,2;1,2;6;Stadtrand-02;Wohngebiet-03;Guss;
1672;1979;PE;100;;32,011576;4,8;1,6;6;Innenstadt-03;Gewerbegebiet-02;Kunststoff;
1673;1919;GG;100;;41,445112;4,4;1,6;6;Stadtrand-02;Wohngebiet-03;Guss;
1674;1944;GG;100;;24,551343;4,9;2;6;Stadtrand-02;Wohngebiet-03;Guss;
1675;1923;GG;100;;43,136519;3,9;2,2;6;Stadtrand-02;Wohngebiet-03;Guss;
1676;1951;PE;100;;20,668227;3,8;1,6;9;Innenstadt-03;Wohngebiet-03;Kunststoff;
1677;1904;GG;100;;30,448496;4,8;1,6;6;Stadtrand-02;Wohngebiet-03;Guss;
1678;1895;GG;100;;22,444298;4,3;2,3;6;Stadtrand-02;Wohngebiet-03;Guss;
1679;1951;GG;100;2001;132,685575;3,6;1,4;6;Stadtrand-02;Wohngebiet-03;Guss;
1680;1903;GG;100;1963;29,565028;3,6;2,3;6;Stadtrand-02;Wohngebiet-03;Guss;
1681;1921;GG;100;1989;42,376424;4,1;1,6;6;Stadtrand-02;Wohngebiet-03;Guss;
1683;1984;PE;100;;32,873278;4,7;1,1;9;Innenstadt-03;Wohngebiet-03;Kunststoff;
1684;1995;PE;100;;33,24519;3,7;2,3;9;Innenstadt-03;Wohngebiet-03;Kunststoff;
1687;1967;PE;100;;28,17958;3,9;1,4;9;Innenstadt-03;Wohngebiet-03;Kunststoff;
1688;1916;GG;100;1978;7,950743;4,5;1,1;6;Stadtrand-02;Wohngebiet-03;Guss;
1689;1972;PE;100;;30,043914;4,5;1,5;9;Innenstadt-03;Wohngebiet-03;Kunststoff;
1692;1891;GG;100;;19,040955;4,3;1,2;6;Stadtrand-02;Wohngebiet-03;Guss;
1693;1903;GG;100;;29,565028;4,4;1,1;6;Stadtrand-02;Wohngebiet-03;Guss;
1694;1996;PE;100;;33,24519;4,6;2,5;9;Innenstadt-03;Wohngebiet-03;Kunststoff;
1695;1960;PE;100;;25,094786;4,2;1,4;9;Innenstadt-03;Wohngebiet-03;Kunststoff;
1696;1997;PE;100;;33,24519;3,6;2,1;9;Innenstadt-03;Wohngebiet-03;Kunststoff;
1697;1990;PE;100;;33,24519;4;1;9;Innenstadt-03;Wohngebiet-03;Kunststoff;
1698;1918;GG;100;;8,183781;5;2,2;6;Stadtrand-02;Wohngebiet-03;Guss;
1699;1955;PE;100;;22,67125;4,5;1,6;9;Innenstadt-03;Wohngebiet-03;Kunststoff;
1700;1995;PE;100;;33,24519;3,9;1,5;6;Innenstadt-03;Gewerbegebiet-02;Kunststoff;
1702;1999;PE;100;;33,24519;4,9;1,4;6;Innenstadt-03;Gewerbegebiet-02;Kunststoff;
1704;1976;PE;100;;31,270029;4;1,4;9;Innenstadt-03;Wohngebiet-03;Kunststoff;
1707;1970;PE;100;;29,338777;3,5;1,8;9;Innenstadt-03;Wohngebiet-03;Kunststoff;
1709;1968;PE;100;;28,578655;4,5;2;9;Innenstadt-03;Wohngebiet-03;Kunststoff;
1712;1963;PE;100;;26,472265;3,7;1,8;9;Innenstadt-03;Wohngebiet-03;Kunststoff;
1713;1931;GG;100;2015;59,619472;3,7;2;6;Stadtrand-02;Wohngebiet-03;Guss;
1714;2005;PE;100;;33,24519;4;1,2;9;Innenstadt-03;Wohngebiet-03;Kunststoff;
1716;2005;PE;100;;33,24519;3,5;1,6;9;Innenstadt-03;Wohngebiet-03;Kunststoff;
1717;1967;PE;100;;28,17958;4,5;1,7;9;Innenstadt-03;Wohngebiet-03;Kunststoff;
1723;1921;GG;100;;42,376424;3,5;1;6;Stadtrand-02;Wohngebiet-03;Guss;
1724;2002;PE;100;;33,24519;4,2;2,5;9;Innenstadt-03;Wohngebiet-03;Kunststoff;
1725;1919;GG;100;1978;41,445112;3,7;2;6;Stadtrand-02;Wohngebiet-03;Guss;
1728;1955;PE;100;;22,67125;4,5;2,3;9;Innenstadt-03;Wohngebiet-03;Kunststoff;
1729;1969;PE;100;;28,965272;4,5;1,9;9;Innenstadt-03;Wohngebiet-03;Kunststoff;
1730;1950;PE;100;;20,164227;4,3;1,7;9;Innenstadt-03;Wohngebiet-03;Kunststoff;
1731;1934;GG;100;;75,287609;4,4;1,1;9;Innenstadt-03;Wohngebiet-03;Guss;
1732;1954;PE;100;;22,173771;4,4;1,6;6;Innenstadt-03;Gewerbegebiet-02;Kunststoff;
1733;1935;GG;100;1973;80,656908;5;1,1;9;Innenstadt-03;Wohngebiet-03;Guss;
1734;1950;PE;100;;20,164227;4,8;1,9;6;Innenstadt-03;Gewerbegebiet-02;Kunststoff;
1735;1897;GG;100;1973;24,205797;4,6;1,8;9;Innenstadt-03;Wohngebiet-03;Guss;
1738;1973;PE;100;;30,374322;3,8;1,5;6;Innenstadt-03;Gewerbegebiet-02;Kunststoff;
1739;2013;PE;100;;33,24519;3,9;1,9;6;Innenstadt-03;Gewerbegebiet-02;Kunststoff;
1740;1892;GG;100;;19,873157;4,9;1,2;6;Stadtrand-02;Wohngebiet-03;Guss;
1742;1960;PE;100;;25,094786;4,5;1,3;6;Innenstadt-03;Gewerbegebiet-02;Kunststoff;
1743;1992;PE;100;;33,24519;4,1;2,1;6;Innenstadt-03;Gewerbegebiet-02;Kunststoff;
1744;1961;PE;100;;25,561763;4,9;1,8;6;Innenstadt-03;Gewerbegebiet-02;Kunststoff;
1746;1940;GG;100;;21,296534;4,2;1,2;6;Stadtrand-02;Wohngebiet-03;Guss;
1747;1953;GG;100;;130,347565;4,8;1,5;6;Stadtrand-02;Wohngebiet-03;Guss;
1748;1922;GG;100;1966;42,778542;4,5;1,6;6;Stadtrand-02;Wohngebiet-03;Guss;
1751;1978;PE;100;;31,782318;3,7;1,5;6;Stadtrand-02;Wohngebiet-03;Kunststoff;
1752;1981;PE;100;;32,414232;4,3;2;6;Stadtrand-02;Wohngebiet-03;Kunststoff;
1753;1960;PE;100;;25,094786;4,7;1,7;6;Stadtrand-02;Wohngebiet-03;Kunststoff;
1754;1959;GG;100;1979;111,074868;4,5;1,7;6;Stadtrand-02;Wohngebiet-03;Guss;
1755;1965;PE;100;;27,346747;4,5;1,5;6;Stadtrand-02;Wohngebiet-03;Kunststoff;
1756;1932;GG;100;2009;64,728685;4,3;2;6;Stadtrand-02;Wohngebiet-03;Guss;
1757;1991;PE;100;;33,24519;4,1;1,1;6;Stadtrand-02;Wohngebiet-03;Kunststoff;
1759;1952;GG;100;1977;131,803947;3,7;2,2;6;Stadtrand-02;Wohngebiet-03;Guss;
1763;1891;GG;100;;19,040955;4,4;2,2;6;Stadtrand-02;Wohngebiet-03;Guss;
1764;1936;GG;100;2014;86,025942;4,9;2;6;Stadtrand-02;Wohngebiet-03;Guss;
1766;1961;PE;100;;25,561763;3,5;1;6;Stadtrand-02;Wohngebiet-03;Kunststoff;
1767;1922;GG;100;;42,778542;4;2;6;Stadtrand-02;Wohngebiet-03;Guss;
1768;1920;GG;100;1971;41,93147;4,8;2,2;6;Stadtrand-02;Wohngebiet-03;Guss;
1769;1964;PE;100;;26,914363;4,5;2,3;6;Stadtrand-02;Wohngebiet-03;Kunststoff;
1771;1968;PE;100;;28,578655;3,7;1,2;6;Stadtrand-02;Wohngebiet-03;Kunststoff;
1773;1959;PE;100;;24,620947;4,7;2,5;6;Stadtrand-02;Wohngebiet-03;Kunststoff;
1775;2012;PE;100;;33,24519;4,8;1,7;6;Stadtrand-02;Wohngebiet-03;Kunststoff;
1776;1958;PE;100;;24,140963;4,6;1,5;6;Stadtrand-02;Wohngebiet-03;Kunststoff;
1778;1983;PE;100;;32,740001;4,2;1,3;6;Stadtrand-02;Wohngebiet-03;Kunststoff;
1779;1967;PE;100;;28,17958;3,6;1,6;6;Stadtrand-02;Wohngebiet-03;Kunststoff;
1780;1930;GG;100;2014;44,32692;5;1,9;6;Stadtrand-02;Wohngebiet-03;Guss;
1784;2005;PE;100;;33,24519;4,3;2,5;6;Stadtrand-02;Wohngebiet-03;Kunststoff;
1785;1895;GG;100;2010;22,444298;4,3;1,6;6;Stadtrand-02;Wohngebiet-03;Guss;
1786;1994;PE;100;;33,24519;4;1,5;6;Stadtrand-02;Wohngebiet-03;Kunststoff;
1788;1950;PE;100;;20,164227;3,6;1,9;6;Stadtrand-02;Wohngebiet-03;Kunststoff;
1789;1990;PE;100;;33,24519;4,5;1,6;6;Stadtrand-02;Wohngebiet-03;Kunststoff;
1791;1935;GG;100;;80,656908;4,3;1,3;30;Innenstadt-03;öffentl./krit. Einrichtungen-10;Guss;
1792;1997;PE;100;;33,24519;3,8;1,9;6;Stadtrand-02;Wohngebiet-03;Kunststoff;
1795;1968;PE;100;;28,578655;4,1;1,2;6;Stadtrand-02;Wohngebiet-03;Kunststoff;
1796;2014;PE;100;;33,24519;3,9;1,6;6;Stadtrand-02;Wohngebiet-03;Kunststoff;
1797;1997;PE;100;;33,24519;4,4;1,1;6;Stadtrand-02;Wohngebiet-03;Kunststoff;
1798;1970;PE;100;;29,338777;3,6;1,6;6;Stadtrand-02;Wohngebiet-03;Kunststoff;
1799;1974;PE;100;;30,689178;3,5;2,5;6;Stadtrand-02;Wohngebiet-03;Kunststoff;
1802;1951;PE;100;;20,668227;4,9;1,5;6;Stadtrand-02;Wohngebiet-03;Kunststoff;
1803;1913;GG;100;;37,75193;3,5;1,4;30;Innenstadt-03;öffentl./krit. Einrichtungen-10;Guss;
1804;2001;PE;100;;33,24519;4,8;1,5;6;Stadtrand-02;Wohngebiet-03;Kunststoff;
1805;1983;PE;100;;32,740001;3,5;1,9;6;Stadtrand-02;Wohngebiet-03;Kunststoff;
1806;1987;PE;100;;33,151819;3,8;1,7;6;Stadtrand-02;Wohngebiet-03;Kunststoff;
1807;1919;GG;100;;41,445112;4;1,9;30;Innenstadt-03;öffentl./krit. Einrichtungen-10;Guss;
1808;1975;PE;100;;30,987924;5;1,3;6;Stadtrand-02;Wohngebiet-03;Kunststoff;
1810;1989;PE;100;;33,234803;3,6;1,7;6;Stadtrand-02;Wohngebiet-03;Kunststoff;
1811;1955;PE;100;;22,67125;3,8;2,2;6;Stadtrand-02;Wohngebiet-03;Kunststoff;
1812;2006;PE;100;;33,24519;4,7;2,2;6;Stadtrand-02;Wohngebiet-03;Kunststoff;
1813;1983;PE;100;;32,740001;4,7;1,1;6;Stadtrand-02;Wohngebiet-03;Kunststoff;
1814;1956;PE;100;;23,165407;4,1;2;6;Stadtrand-02;Wohngebiet-03;Kunststoff;
1816;1994;PE;100;;33,24519;3,8;2;6;Stadtrand-02;Wohngebiet-03;Kunststoff;
1817;2009;PE;100;;33,24519;4,9;1,5;6;Stadtrand-02;Wohngebiet-03;Kunststoff;
1819;1990;PE;100;;33,24519;4,4;1,6;6;Stadtrand-02;Wohngebiet-03;Kunststoff;
1822;1960;GG;100;;106,482669;5;2,2;30;Innenstadt-03;öffentl./krit. Einrichtungen-10;Guss;
1823;1899;GG;100;;25,989777;3,5;1,1;30;Innenstadt-03;öffentl./krit. Einrichtungen-10;Guss;
1825;1987;PE;100;;33,151819;3,7;1,2;6;Stadtrand-02;Wohngebiet-03;Kunststoff;
1826;1983;PE;100;;32,740001;4,3;2,4;6;Stadtrand-02;Wohngebiet-03;Kunststoff;
1827;1974;PE;100;;30,689178;4,7;1,6;6;Stadtrand-02;Wohngebiet-03;Kunststoff;
1829;1986;PE;100;;33,079379;4,4;2,3;6;Stadtrand-02;Wohngebiet-03;Kunststoff;
1830;1960;GG;100;;106,482669;3,8;2,5;30;Innenstadt-03;öffentl./krit. Einrichtungen-10;Guss;
1831;1933;GG;100;1984;69,964099;4,7;1,1;30;Innenstadt-03;öffentl./krit. Einrichtungen-10;Guss;
1833;1894;GG;100;1999;21,576228;3,6;1;30;Innenstadt-03;öffentl./krit. Einrichtungen-10;Guss;
1834;1912;GG;100;1962;37,024956;4,3;1,7;30;Innenstadt-03;öffentl./krit. Einrichtungen-10;Guss;
1837;1907;GG;100;1960;33,039482;4,4;1,6;9;Innenstadt-03;Wohngebiet-03;Guss;
1838;1939;GG;100;;20,325528;3,6;1,2;30;Innenstadt-03;öffentl./krit. Einrichtungen-10;Guss;
1839;1921;GG;100;;42,376424;3,9;1,9;30;Innenstadt-03;öffentl./krit. Einrichtungen-10;Guss;
1840;1982;PE;100;;32,586891;4;2,3;6;Stadtrand-02;Wohngebiet-03;Kunststoff;
1841;1945;GG;100;1963;25,158882;5;1,4;30;Innenstadt-03;öffentl./krit. Einrichtungen-10;Guss;
1842;1929;GG;100;2001;44,302301;4,4;2,3;30;Innenstadt-03;öffentl./krit. Einrichtungen-10;Guss;
1844;1994;PE;100;;33,24519;3,8;2,1;6;Stadtrand-02;Wohngebiet-03;Kunststoff;
1845;2012;PE;100;;33,24519;3,6;1;6;Stadtrand-02;Wohngebiet-03;Kunststoff;
1849;2005;PE;100;;33,24519;4;1,4;6;Stadtrand-02;Wohngebiet-03;Kunststoff;
1850;1976;PE;100;;31,270029;3,7;1,3;6;Stadtrand-02;Wohngebiet-03;Kunststoff;
1851;1964;PE;100;;26,914363;4,7;1,6;6;Stadtrand-02;Wohngebiet-03;Kunststoff;
1852;1908;GG;100;;33,875881;3,6;2,3;30;Innenstadt-03;öffentl./krit. Einrichtungen-10;Guss;
1853;1968;PE;100;;28,578655;4,6;2,5;6;Stadtrand-02;Wohngebiet-03;Kunststoff;
1854;1977;PE;100;;31,534986;3,9;2;6;Stadtrand-02;Wohngebiet-03;Kunststoff;
1855;1915;GG;100;1982;7,823674;4,6;1,9;30;Innenstadt-03;öffentl./krit. Einrichtungen-10;Guss;
1858;1913;GG;100;1987;37,75193;4,3;1,2;30;Innenstadt-03;öffentl./krit. Einrichtungen-10;Guss;
1862;2004;PE;100;;33,24519;4;1,8;6;Stadtrand-02;Wohngebiet-03;Kunststoff;
1864;1963;PE;100;;26,472265;3,5;2,2;6;Stadtrand-02;Wohngebiet-03;Kunststoff;
1867;2004;PE;100;;33,24519;4,3;1,3;6;Stadtrand-02;Wohngebiet-03;Kunststoff;
1868;1959;PE;100;;24,620947;4,6;1,7;6;Stadtrand-02;Wohngebiet-03;Kunststoff;
1869;1910;GG;100;1978;35,494223;3,8;1,1;30;Innenstadt-03;öffentl./krit. Einrichtungen-10;Guss;
1870;1913;GG;100;2006;37,75193;3,7;2,4;9;Innenstadt-03;Wohngebiet-03;Guss;
1876;1932;GG;100;;64,728685;4,2;2,2;9;Innenstadt-03;Wohngebiet-03;Guss;
1878;1962;PE;100;;26,021161;3,6;1,5;6;Stadtrand-02;Wohngebiet-03;Kunststoff;
1881;1904;GG;100;;30,448496;4;1,2;6;Stadtrand-02;Wohngebiet-03;Guss;
1882;1985;PE;100;;32,986474;4,7;2,2;6;Stadtrand-02;Wohngebiet-03;Kunststoff;
1883;1962;PE;100;;26,021161;5;1,8;6;Stadtrand-02;Wohngebiet-03;Kunststoff;
1886;1899;GG;100;;25,989777;3,7;2,1;6;Stadtrand-02;Wohngebiet-03;Guss;
1888;1894;GG;100;;21,576228;3,9;1,8;6;Stadtrand-02;Wohngebiet-03;Guss;
1890;1928;GG;100;1999;44,228525;4,7;1;6;Stadtrand-02;Wohngebiet-03;Guss;
1894;1979;PE;100;;32,011576;4,1;2,4;6;Stadtrand-02;Wohngebiet-03;Kunststoff;
1895;1952;PE;100;;21,171588;4,9;2;6;Stadtrand-02;Wohngebiet-03;Kunststoff;
1898;1942;GG;100;;23,07026;4,3;1,8;6;Stadtrand-02;Wohngebiet-03;Guss;
1899;1969;PE;100;;28,965272;3,9;1,3;6;Stadtrand-02;Wohngebiet-03;Kunststoff;
1900;1953;GG;100;1975;130,347565;4,1;1,5;6;Stadtrand-02;Wohngebiet-03;Guss;
1903;1982;PE;100;;32,586891;5;2;6;Stadtrand-02;Wohngebiet-03;Kunststoff;
1904;1943;GG;100;;23,852229;4,2;1,6;6;Stadtrand-02;Wohngebiet-03;Guss;
1905;1955;PE;100;;22,67125;4,7;2,2;6;Stadtrand-02;Wohngebiet-03;Kunststoff;
1907;1940;GG;100;;21,296534;4,4;2,4;6;Stadtrand-02;Wohngebiet-03;Guss;
1909;1953;PE;100;;21,673658;4,6;1,8;6;Stadtrand-02;Wohngebiet-03;Kunststoff;
1914;1995;PE;100;;33,24519;4,7;1,3;6;Stadtrand-02;Wohngebiet-03;Kunststoff;
1915;1997;PE;100;;33,24519;4,6;1,1;6;Stadtrand-02;Wohngebiet-03;Kunststoff;
1916;1987;PE;100;;33,151819;4,2;2,1;6;Stadtrand-02;Wohngebiet-03;Kunststoff;
1917;1952;PE;100;;21,171588;5;2,3;6;Stadtrand-02;Wohngebiet-03;Kunststoff;
1918;1892;GG;100;1975;19,873157;4,9;1,1;6;Stadtrand-02;Wohngebiet-03;Guss;
1920;1964;PE;100;;26,914363;3,8;2,5;6;Stadtrand-02;Wohngebiet-03;Kunststoff;
1924;1976;PE;100;;31,270029;3,8;1;6;Stadtrand-02;Wohngebiet-03;Kunststoff;
1925;1958;PE;100;;24,140963;4;2,2;6;Stadtrand-02;Wohngebiet-03;Kunststoff;
1926;1932;GG;100;;64,728685;4,6;1,3;6;Stadtrand-02;Wohngebiet-03;Guss;
1927;2014;PE;100;;33,24519;3,9;1,3;6;Stadtrand-02;Wohngebiet-03;Kunststoff;
1928;1966;PE;100;;27,768717;4,7;2,1;6;Stadtrand-02;Wohngebiet-03;Kunststoff;
1929;1946;GG;100;;128,335625;4,1;1,6;9;Innenstadt-03;Wohngebiet-03;Guss;
1930;1979;PE;100;;32,011576;4,9;2,5;6;Stadtrand-02;Wohngebiet-03;Kunststoff;
1933;1988;PE;100;;33,20366;4;1,5;6;Stadtrand-02;Wohngebiet-03;Kunststoff;
1935;1900;GG;100;;26,885636;4,2;1,1;9;Innenstadt-03;Wohngebiet-03;Guss;
1940;1945;GG;100;;25,158882;4;2,2;9;Innenstadt-03;Wohngebiet-03;Guss;
1947;1979;PE;100;;32,011576;3,6;1,6;6;Stadtrand-02;Wohngebiet-03;Kunststoff;
1948;1988;PE;100;;33,20366;4,2;2;6;Stadtrand-02;Wohngebiet-03;Kunststoff;
1949;1976;PE;100;;31,270029;4,2;2,1;6;Stadtrand-02;Wohngebiet-03;Kunststoff;
1950;1999;PE;100;;33,24519;3,9;1,3;6;Stadtrand-02;Wohngebiet-03;Kunststoff;
1951;1956;GG;100;1979;122,756713;4,9;1,9;9;Innenstadt-03;Wohngebiet-03;Guss;
1952;1950;GG;100;;132,98076;4,7;2,3;9;Innenstadt-03;Wohngebiet-03;Guss;
1953;1940;GG;100;2013;21,296534;3,9;1;9;Innenstadt-03;Wohngebiet-03;Guss;
1955;1962;PE;100;;26,021161;5;1,9;6;Stadtrand-02;Wohngebiet-03;Kunststoff;
1956;1916;GG;100;;7,950743;4,3;2,3;9;Innenstadt-03;Wohngebiet-03;Guss;
1957;1892;GG;100;;19,873157;4,5;1,6;9;Innenstadt-03;Wohngebiet-03;Guss;
1958;1903;GG;100;2014;29,565028;4,2;2,1;9;Innenstadt-03;Wohngebiet-03;Guss;
1959;2007;PE;100;;33,24519;4,4;1,3;6;Stadtrand-02;Wohngebiet-03;Kunststoff;
1960;2007;PE;100;;33,24519;4,5;1,6;6;Stadtrand-02;Wohngebiet-03;Kunststoff;
1961;1971;PE;100;;29,698531;5;1,9;6;Stadtrand-02;Wohngebiet-03;Kunststoff;
1962;1994;PE;100;;33,24519;4,1;1,1;6;Stadtrand-02;Wohngebiet-03;Kunststoff;
1963;1957;PE;100;;23,655546;4,3;1;6;Stadtrand-02;Wohngebiet-03;Kunststoff;
1964;1968;PE;100;;28,578655;5;2,5;6;Stadtrand-02;Wohngebiet-03;Kunststoff;
1965;2002;PE;100;;33,24519;4,5;2,4;6;Stadtrand-02;Wohngebiet-03;Kunststoff;
1966;1949;GG;100;2008;132,685575;4,5;1,5;9;Innenstadt-03;Wohngebiet-03;Guss;
1967;2014;PE;100;;33,24519;4,3;1,9;6;Stadtrand-02;Wohngebiet-03;Kunststoff;
1968;1978;PE;100;;31,782318;4;1,9;6;Stadtrand-02;Wohngebiet-03;Kunststoff;
1971;1916;GG;100;2014;7,950743;4,1;2,3;9;Innenstadt-03;Wohngebiet-03;Guss;
1972;1941;GG;100;;22,214974;4,2;1,1;9;Innenstadt-03;Wohngebiet-03;Guss;
1973;2007;PE;100;;33,24519;3,8;1,1;6;Stadtrand-02;Wohngebiet-03;Kunststoff;
1974;1975;PE;100;;30,987924;4,9;1,7;6;Stadtrand-02;Wohngebiet-03;Kunststoff;
1975;1954;GG;100;1998;128,335625;3,7;2,3;9;Innenstadt-03;Wohngebiet-03;Guss;
1976;1922;GG;100;1992;42,778542;4,5;1,8;9;Innenstadt-03;Wohngebiet-03;Guss;
1977;1967;PE;100;;28,17958;4,6;2,5;6;Stadtrand-02;Wohngebiet-03;Kunststoff;
1980;1896;GG;100;1991;23,321366;3,8;1,2;9;Innenstadt-03;Wohngebiet-03;Guss;
1982;1950;GG;100;1971;132,98076;3,5;1,8;9;Innenstadt-03;Wohngebiet-03;Guss;
1989;2006;PE;100;;33,24519;5;1,3;6;Stadtrand-02;Wohngebiet-03;Kunststoff;
1990;1962;PE;100;;26,021161;3,5;1,5;6;Stadtrand-02;Wohngebiet-03;Kunststoff;
1991;1965;PE;100;;27,346747;4,9;1;6;Stadtrand-02;Wohngebiet-03;Kunststoff;
1992;1925;GG;100;1986;43,715524;4,3;1,1;9;Innenstadt-03;Wohngebiet-03;Guss;
1993;1965;PE;100;;27,346747;3,7;1,9;6;Stadtrand-02;Wohngebiet-03;Kunststoff;
1995;2012;PE;100;;33,24519;3,6;1,3;6;Stadtrand-02;Wohngebiet-03;Kunststoff;
1997;1962;PE;100;;26,021161;4,1;2,5;6;Stadtrand-02;Wohngebiet-03;Kunststoff;
1999;1990;PE;100;;33,24519;3,7;1,7;6;Stadtrand-02;Wohngebiet-03;Kunststoff;
2000;1952;GG;100;;131,803947;4,6;1,5;9;Innenstadt-03;Wohngebiet-03;Guss;
2001;1965;PE;100;;27,346747;5;2,5;6;Stadtrand-02;Wohngebiet-03;Kunststoff;
2006;1998;PE;100;;33,24519;3,7;1,2;6;Stadtrand-02;Wohngebiet-03;Kunststoff;
2007;1990;PE;100;;33,24519;4,5;1,5;6;Stadtrand-02;Wohngebiet-03;Kunststoff;
2009;1991;PE;100;;33,24519;3,6;1,6;6;Stadtrand-02;Wohngebiet-03;Kunststoff;
2011;2002;PE;100;;33,24519;3,8;2,3;6;Stadtrand-02;Wohngebiet-03;Kunststoff;
2016;1997;PE;100;;33,24519;3,7;1,5;6;Stadtrand-02;Wohngebiet-03;Kunststoff;
2017;1972;PE;100;;30,043914;4,9;1,3;6;Stadtrand-02;Wohngebiet-03;Kunststoff;
2020;1975;PE;100;;30,987924;4,4;1,5;6;Stadtrand-02;Wohngebiet-03;Kunststoff;
2021;1959;PE;100;;24,620947;3,5;2,2;6;Stadtrand-02;Wohngebiet-03;Kunststoff;
2022;1951;PE;100;;20,668227;4,5;1;6;Stadtrand-02;Wohngebiet-03;Kunststoff;
2023;1995;PE;100;;33,24519;4,7;2,5;6;Stadtrand-02;Wohngebiet-03;Kunststoff;
2025;1952;PE;100;;21,171588;4,1;2,2;6;Stadtrand-02;Wohngebiet-03;Kunststoff;
2027;1953;PE;100;;21,673658;3,5;1,6;6;Stadtrand-02;Wohngebiet-03;Kunststoff;
2028;1947;GG;100;2009;130,347565;4,2;2,3;9;Innenstadt-03;Wohngebiet-03;Guss;
2031;1899;GG;100;1988;25,989777;4,1;2,1;9;Innenstadt-03;Wohngebiet-03;Guss;
2032;1934;GG;100;2013;75,287609;4,8;1,7;9;Innenstadt-03;Wohngebiet-03;Guss;
2033;1955;GG;100;2010;125,794409;4,5;1,9;9;Innenstadt-03;Wohngebiet-03;Guss;
2034;1987;PE;100;;33,151819;4,3;2,3;6;Stadtrand-02;Wohngebiet-03;Kunststoff;
2036;2003;PE;100;;33,24519;4,7;1,3;6;Stadtrand-02;Wohngebiet-03;Kunststoff;
2037;1952;GG;100;;131,803947;3,9;1;9;Innenstadt-03;Wohngebiet-03;Guss;
2038;2014;PE;100;;33,24519;3,6;2,3;6;Stadtrand-02;Wohngebiet-03;Kunststoff;
2039;1999;PE;100;;33,24519;4,8;2,5;6;Stadtrand-02;Wohngebiet-03;Kunststoff;
2040;2012;PE;100;;33,24519;3,9;1,7;6;Stadtrand-02;Wohngebiet-03;Kunststoff;
2041;1977;PE;100;;31,534986;3,7;1,9;6;Stadtrand-02;Wohngebiet-03;Kunststoff;
2042;2007;PE;100;;33,24519;4,5;1,1;6;Stadtrand-02;Wohngebiet-03;Kunststoff;
2045;1986;PE;100;;33,079379;4,1;2,2;6;Stadtrand-02;Wohngebiet-03;Kunststoff;
2047;1987;PE;100;;33,151819;4,5;1,3;6;Stadtrand-02;Wohngebiet-03;Kunststoff;
2048;2008;PE;100;;33,24519;3,8;2,2;6;Stadtrand-02;Wohngebiet-03;Kunststoff;
2051;1956;GG;100;1962;122,756713;4;1;9;Innenstadt-03;Wohngebiet-03;Guss;
2052;1989;PE;100;;33,234803;3,7;2,3;6;Stadtrand-02;Wohngebiet-03;Kunststoff;
2054;1895;GG;100;1977;22,444298;4,6;1,5;9;Innenstadt-03;Wohngebiet-03;Guss;
2055;1955;PE;100;;22,67125;4,7;1,5;6;Stadtrand-02;Wohngebiet-03;Kunststoff;
2056;1957;PE;100;;23,655546;4;1,1;6;Stadtrand-02;Wohngebiet-03;Kunststoff;
2061;1964;PE;100;;26,914363;3,8;1,3;6;Stadtrand-02;Wohngebiet-03;Kunststoff;
2063;1953;GG;100;2002;130,347565;5;2,1;9;Innenstadt-03;Wohngebiet-03;Guss;
2067;1983;PE;100;;32,740001;3,8;1,7;6;Stadtrand-02;Wohngebiet-03;Kunststoff;
2071;1995;PE;100;;33,24519;3,8;1,8;6;Stadtrand-02;Wohngebiet-03;Kunststoff;
2072;2009;PE;100;;33,24519;3,5;1,6;6;Stadtrand-02;Wohngebiet-03;Kunststoff;
2076;1912;GG;100;1977;37,024956;3,9;2;9;Innenstadt-03;Wohngebiet-03;Guss;
2077;1916;GG;100;1981;7,950743;4,2;1;9;Innenstadt-03;Wohngebiet-03;Guss;
2079;1927;GG;100;;44,105839;3,9;2,2;9;Innenstadt-03;Wohngebiet-03;Guss;
2082;1977;PE;100;;31,534986;4,6;2,1;6;Stadtrand-02;Wohngebiet-03;Kunststoff;
2086;1983;PE;100;;32,740001;3,5;1,7;6;Stadtrand-02;Wohngebiet-03;Kunststoff;
2087;1966;PE;100;;27,768717;3,5;1,3;6;Stadtrand-02;Wohngebiet-03;Kunststoff;
2088;1960;PE;100;;25,094786;4,6;1,6;6;Stadtrand-02;Wohngebiet-03;Kunststoff;
2089;1895;GG;100;;22,444298;4,7;2,4;9;Innenstadt-03;Wohngebiet-03;Guss;
2092;1953;PE;100;;21,673658;3,8;2,4;6;Stadtrand-02;Wohngebiet-03;Kunststoff;
2093;1966;PE;100;;27,768717;4,1;1,3;6;Stadtrand-02;Wohngebiet-03;Kunststoff;
2094;1978;PE;100;;31,782318;4,4;2,1;6;Stadtrand-02;Wohngebiet-03;Kunststoff;
2095;2004;PE;100;;33,24519;3,5;1,5;6;Stadtrand-02;Wohngebiet-03;Kunststoff;
2096;1960;GG;100;;106,482669;4,5;2,2;9;Innenstadt-03;Wohngebiet-03;Guss;
2098;2008;PE;100;;33,24519;4,5;2,4;6;Stadtrand-02;Wohngebiet-03;Kunststoff;
2101;1996;PE;100;;33,24519;3,7;1,2;6;Stadtrand-02;Wohngebiet-03;Kunststoff;
2104;1993;PE;100;;33,24519;4,2;1,9;6;Stadtrand-02;Wohngebiet-03;Kunststoff;
2105;2001;PE;100;;33,24519;3,8;1,5;6;Stadtrand-02;Wohngebiet-03;Kunststoff;
2108;1978;PE;100;;31,782318;4,8;1,9;6;Stadtrand-02;Wohngebiet-03;Kunststoff;
2110;1957;PE;100;;23,655546;4;1,1;6;Stadtrand-02;Wohngebiet-03;Kunststoff;
2112;2000;PE;100;;33,24519;5;2,1;6;Stadtrand-02;Wohngebiet-03;Kunststoff;
2117;1958;PE;100;;24,140963;3,8;1,7;6;Stadtrand-02;Wohngebiet-03;Kunststoff;
2119;1980;PE;100;;32,222343;4,5;2,1;6;Stadtrand-02;Wohngebiet-03;Kunststoff;
2120;2003;PE;100;;33,24519;4,9;2,1;6;Stadtrand-02;Wohngebiet-03;Kunststoff;
2122;2005;PE;100;;33,24519;4,3;1,8;6;Stadtrand-02;Wohngebiet-03;Kunststoff;
2125;1918;GG;100;;8,183781;4,1;1,4;9;Innenstadt-03;Wohngebiet-03;Guss;
2127;1936;GG;100;1985;86,025942;4,2;2,2;9;Innenstadt-03;Wohngebiet-03;Guss;
2128;1929;GG;100;2014;44,302301;4,2;1,9;9;Innenstadt-03;Wohngebiet-03;Guss;
2129;1998;PE;100;;33,24519;4,8;1,8;6;Stadtrand-02;Wohngebiet-03;Kunststoff;
2130;1958;GG;100;;115,351298;3,5;1,7;9;Innenstadt-03;Wohngebiet-03;Guss;
2131;1987;PE;100;;33,151819;4,3;1,9;6;Stadtrand-02;Wohngebiet-03;Kunststoff;
2133;1971;PE;100;;29,698531;4,3;1,8;6;Stadtrand-02;Wohngebiet-03;Kunststoff;
2136;1938;GG;100;;96,563851;4,4;1,1;9;Innenstadt-03;Wohngebiet-03;Guss;
2138;1954;PE;100;;22,173771;3,7;2,1;6;Stadtrand-02;Wohngebiet-03;Kunststoff;
2139;1965;PE;100;;27,346747;5;2;6;Stadtrand-02;Wohngebiet-03;Kunststoff;
2140;1951;PE;100;;20,668227;4,1;1,6;6;Stadtrand-02;Wohngebiet-03;Kunststoff;
2141;1963;PE;100;;26,472265;3,7;2;6;Stadtrand-02;Wohngebiet-03;Kunststoff;
2142;2002;PE;100;;33,24519;3,8;2,1;6;Stadtrand-02;Wohngebiet-03;Kunststoff;
2143;1973;PE;100;;30,374322;4,8;1,3;6;Stadtrand-02;Wohngebiet-03;Kunststoff;
2145;1983;PE;100;;32,740001;3,8;2,1;6;Stadtrand-02;Wohngebiet-03;Kunststoff;
2146;1962;PE;100;;26,021161;4;2,2;6;Stadtrand-02;Wohngebiet-03;Kunststoff;
2150;1921;GG;100;1983;42,376424;4,2;1;9;Innenstadt-03;Wohngebiet-03;Guss;
2152;1993;PE;100;;33,24519;4,2;1,1;6;Stadtrand-02;Wohngebiet-03;Kunststoff;
2153;1925;GG;100;1988;43,715524;3,6;1,7;9;Innenstadt-03;Wohngebiet-03;Guss;
2154;1946;GG;100;;128,335625;4,2;1;9;Innenstadt-03;Wohngebiet-03;Guss;
2156;1902;GG;100;;28,675314;3,5;1,5;9;Innenstadt-03;Wohngebiet-03;Guss;
2157;1940;GG;100;;21,296534;4,9;2,4;9;Innenstadt-03;Wohngebiet-03;Guss;
2158;1933;GG;100;1993;69,964099;4,4;2,1;9;Innenstadt-03;Wohngebiet-03;Guss;
2159;1961;PE;100;;25,561763;4,1;1,5;6;Stadtrand-02;Wohngebiet-03;Kunststoff;
2162;1956;PE;100;;23,165407;3,5;2,2;6;Stadtrand-02;Wohngebiet-03;Kunststoff;
2163;1989;PE;100;;33,234803;4,9;1,6;6;Stadtrand-02;Wohngebiet-03;Kunststoff;
2164;1978;PE;100;;31,782318;4,9;2,2;6;Stadtrand-02;Wohngebiet-03;Kunststoff;
2166;1953;PE;100;;21,673658;4,9;2;6;Stadtrand-02;Wohngebiet-03;Kunststoff;
2167;1951;PE;100;;20,668227;3,5;2,2;6;Stadtrand-02;Wohngebiet-03;Kunststoff;
2168;1977;PE;100;;31,534986;5;2,1;6;Stadtrand-02;Wohngebiet-03;Kunststoff;
2169;1971;PE;100;;29,698531;4;1,5;6;Stadtrand-02;Wohngebiet-03;Kunststoff;
2170;1991;PE;100;;33,24519;4;1,5;6;Stadtrand-02;Wohngebiet-03;Kunststoff;
2171;2001;PE;100;;33,24519;4,2;2,2;6;Stadtrand-02;Wohngebiet-03;Kunststoff;
2173;1900;GG;100;;26,885636;4,6;1,9;9;Innenstadt-03;Wohngebiet-03;Guss;
2175;1961;PE;100;;25,561763;3,8;1,2;6;Stadtrand-02;Wohngebiet-03;Kunststoff;
2176;2000;PE;100;;33,24519;5;2,3;6;Stadtrand-02;Wohngebiet-03;Kunststoff;
2177;1991;PE;100;;33,24519;4,2;1,1;6;Stadtrand-02;Wohngebiet-03;Kunststoff;
2180;1906;GG;100;2000;32,18795;3,5;1,4;30;Innenstadt-03;öffentl./krit. Einrichtungen-10;Guss;
2181;1950;PE;100;;20,164227;3,8;2;6;Stadtrand-02;Wohngebiet-03;Kunststoff;
2182;1984;PE;100;;32,873278;4,6;1;6;Stadtrand-02;Wohngebiet-03;Kunststoff;
2183;1921;GG;100;1975;42,376424;3,9;1,5;30;Innenstadt-03;öffentl./krit. Einrichtungen-10;Guss;
2185;1964;PE;100;;26,914363;4,6;1,1;6;Stadtrand-02;Wohngebiet-03;Kunststoff;
2187;1989;PE;100;;33,234803;4;2,3;6;Stadtrand-02;Wohngebiet-03;Kunststoff;
2188;1954;GG;100;;128,335625;4,3;1,8;30;Innenstadt-03;öffentl./krit. Einrichtungen-10;Guss;
2190;1990;PE;100;;33,24519;3,5;2,4;6;Stadtrand-02;Wohngebiet-03;Kunststoff;
2193;1965;PE;100;;27,346747;3,5;1,2;6;Stadtrand-02;Wohngebiet-03;Kunststoff;
2194;1914;GG;100;2000;7,690087;3,6;2,4;30;Innenstadt-03;öffentl./krit. Einrichtungen-10;Guss;
2196;1965;PE;100;;27,346747;4,6;2,2;6;Stadtrand-02;Wohngebiet-03;Kunststoff;
2199;2009;PE;100;;33,24519;4,5;1,1;6;Stadtrand-02;Wohngebiet-03;Kunststoff;
2200;1992;PE;100;;33,24519;3,8;2;6;Stadtrand-02;Wohngebiet-03;Kunststoff;
2201;1978;PE;100;;31,782318;4,3;1,3;6;Stadtrand-02;Wohngebiet-03;Kunststoff;
2202;1902;GG;100;1972;28,675314;4;1,5;30;Innenstadt-03;öffentl./krit. Einrichtungen-10;Guss;
2204;1951;PE;100;;20,668227;3,7;1;6;Stadtrand-02;Wohngebiet-03;Kunststoff;
2205;1939;GG;100;1970;20,325528;4,1;1,8;30;Innenstadt-03;öffentl./krit. Einrichtungen-10;Guss;
2207;1995;PE;100;;33,24519;4;2,1;6;Stadtrand-02;Wohngebiet-03;Kunststoff;
2208;1998;PE;100;;33,24519;3,7;2,4;6;Stadtrand-02;Wohngebiet-03;Kunststoff;
2211;1959;PE;100;;24,620947;3,6;2,5;6;Stadtrand-02;Wohngebiet-03;Kunststoff;
2213;1891;GG;100;1973;19,040955;5;2,4;9;Innenstadt-03;Wohngebiet-03;Guss;
2214;1931;GG;100;1963;59,619472;4,4;1,1;30;Innenstadt-03;öffentl./krit. Einrichtungen-10;Guss;
2215;1958;GG;100;;115,351298;4,4;1,4;30;Innenstadt-03;öffentl./krit. Einrichtungen-10;Guss;
2216;2015;PE;100;;33,24519;4,9;2,3;6;Stadtrand-02;Wohngebiet-03;Kunststoff;
2219;2015;PE;100;;33,24519;4,8;1,3;6;Stadtrand-02;Wohngebiet-03;Kunststoff;
2220;2013;PE;100;;33,24519;4,4;2;6;Stadtrand-02;Wohngebiet-03;Kunststoff;
2222;1955;PE;100;;22,67125;5;1,6;6;Stadtrand-02;Wohngebiet-03;Kunststoff;
2225;1912;GG;100;1966;37,024956;4,1;2;9;Innenstadt-03;Wohngebiet-03;Guss;
2229;1956;PE;100;;23,165407;4,9;2;6;Stadtrand-02;Wohngebiet-03;Kunststoff;
2230;1890;GG;100;1968;18,223342;4,9;1,4;9;Innenstadt-03;Wohngebiet-03;Guss;
2232;1978;PE;100;;31,782318;3,9;1,6;6;Stadtrand-02;Wohngebiet-03;Kunststoff;
2233;2000;PE;100;;33,24519;4,5;1,8;6;Stadtrand-02;Wohngebiet-03;Kunststoff;
2234;2000;PE;100;;33,24519;3,5;2,2;6;Stadtrand-02;Wohngebiet-03;Kunststoff;
2236;1900;GG;100;1983;26,885636;3,7;2,2;9;Innenstadt-03;Wohngebiet-03;Guss;
2237;1970;PE;100;;29,338777;4,1;1,1;6;Stadtrand-02;Wohngebiet-03;Kunststoff;
2242;1979;PE;100;;32,011576;4,6;2,4;6;Stadtrand-02;Wohngebiet-03;Kunststoff;
2243;1973;PE;100;;30,374322;3,7;2,1;6;Stadtrand-02;Wohngebiet-03;Kunststoff;
2245;2011;PE;100;;33,24519;4,4;2,4;6;Stadtrand-02;Wohngebiet-03;Kunststoff;
2246;1999;PE;100;;33,24519;3,6;1,3;6;Stadtrand-02;Wohngebiet-03;Kunststoff;
2251;2002;PE;100;;33,24519;4,4;1;6;Stadtrand-02;Wohngebiet-03;Kunststoff;
2253;1955;GG;100;1960;125,794409;4,3;1,5;30;Innenstadt-03;öffentl./krit. Einrichtungen-10;Guss;
2254;1971;PE;100;;29,698531;4;1,3;6;Stadtrand-02;Wohngebiet-03;Kunststoff;
2257;1954;PE;100;;22,173771;5;1,1;6;Stadtrand-02;Wohngebiet-03;Kunststoff;
2259;1933;GG;100;1983;69,964099;3,8;2,2;9;Innenstadt-03;Wohngebiet-03;Guss;
2260;1975;PE;100;;30,987924;5;1,6;6;Stadtrand-02;Wohngebiet-03;Kunststoff;
2264;1910;GG;100;;35,494223;4,1;1;9;Innenstadt-03;Wohngebiet-03;Guss;
2265;1954;PE;100;;22,173771;4,7;1,7;6;Stadtrand-02;Wohngebiet-03;Kunststoff;
2266;1980;PE;100;;32,222343;4,2;1,4;6;Stadtrand-02;Wohngebiet-03;Kunststoff;
2267;1918;GG;100;;8,183781;3,6;1,6;9;Innenstadt-03;Wohngebiet-03;Guss;
2271;1963;PE;100;;26,472265;4,3;2,5;6;Stadtrand-02;Wohngebiet-03;Kunststoff;
2274;1962;PE;100;;26,021161;3,7;1,6;6;Stadtrand-02;Wohngebiet-03;Kunststoff;
2276;1966;PE;100;;27,768717;4,8;2,1;6;Stadtrand-02;Wohngebiet-03;Kunststoff;
2277;1916;GG;100;1976;7,950743;3,8;2,1;9;Innenstadt-03;Wohngebiet-03;Guss;
2278;1897;GG;100;;24,205797;3,6;1,1;9;Innenstadt-03;Wohngebiet-03;Guss;
2282;1971;PE;100;;29,698531;4,7;1,8;6;Stadtrand-02;Wohngebiet-03;Kunststoff;
2283;2005;PE;100;;33,24519;4,1;2;6;Stadtrand-02;Wohngebiet-03;Kunststoff;
2285;2010;PE;100;;33,24519;4,5;2,5;6;Stadtrand-02;Wohngebiet-03;Kunststoff;
2286;1905;GG;100;1994;31,323542;4,8;1,5;9;Innenstadt-03;Wohngebiet-03;Guss;
2287;1943;GG;100;;23,852229;3,9;1,5;9;Innenstadt-03;Wohngebiet-03;Guss;
2288;1967;PE;100;;28,17958;4,1;1,5;6;Stadtrand-02;Wohngebiet-03;Kunststoff;
2289;1923;GG;100;;43,136519;4,2;1,1;9;Innenstadt-03;Wohngebiet-03;Guss;
2290;1972;PE;100;;30,043914;4;2;6;Stadtrand-02;Wohngebiet-03;Kunststoff;
2291;1964;PE;100;;26,914363;4,6;2,5;6;Stadtrand-02;Wohngebiet-03;Kunststoff;
2294;2002;PE;100;;33,24519;4,4;1,3;6;Stadtrand-02;Wohngebiet-03;Kunststoff;
2295;1998;PE;100;;33,24519;4,6;1,4;6;Stadtrand-02;Wohngebiet-03;Kunststoff;
2300;1986;PE;100;;33,079379;4,3;2;6;Stadtrand-02;Wohngebiet-03;Kunststoff;
2301;1981;PE;100;;32,414232;4,6;2,4;6;Stadtrand-02;Wohngebiet-03;Kunststoff;
2303;1981;PE;100;;32,414232;3,6;1,3;6;Stadtrand-02;Wohngebiet-03;Kunststoff;
2304;1953;PE;100;;21,673658;4,9;1;6;Stadtrand-02;Wohngebiet-03;Kunststoff;
2306;1925;GG;100;;43,715524;4,4;2,5;9;Innenstadt-03;Wohngebiet-03;Guss;
2308;1941;GG;100;;22,214974;4,8;2,2;9;Innenstadt-03;Wohngebiet-03;Guss;
2309;2004;PE;100;;33,24519;3,9;2,3;6;Stadtrand-02;Wohngebiet-03;Kunststoff;
2311;1980;PE;100;;32,222343;4,4;1,9;6;Stadtrand-02;Wohngebiet-03;Kunststoff;
2312;1958;GG;100;;115,351298;3,9;1;9;Innenstadt-03;Wohngebiet-03;Guss;
2313;1893;GG;100;1980;20,718699;4,4;1;9;Innenstadt-03;Wohngebiet-03;Guss;
2314;1997;PE;100;;33,24519;4,1;2;6;Stadtrand-02;Wohngebiet-03;Kunststoff;
2319;1986;PE;100;;33,079379;3,8;2,3;6;Stadtrand-02;Wohngebiet-03;Kunststoff;
2320;1934;GG;100;;75,287609;3,8;2,3;9;Innenstadt-03;Wohngebiet-03;Guss;
2322;1956;PE;100;;23,165407;4,1;2,3;6;Stadtrand-02;Wohngebiet-03;Kunststoff;
2323;1993;PE;100;;33,24519;4,3;1,9;6;Stadtrand-02;Wohngebiet-03;Kunststoff;
2324;1936;GG;100;;86,025942;4,1;1,3;9;Innenstadt-03;Wohngebiet-03;Guss;
2326;1989;PE;100;;33,234803;3,8;1,3;6;Stadtrand-02;Wohngebiet-03;Kunststoff;
2327;1993;PE;100;;33,24519;4,4;2,2;6;Stadtrand-02;Wohngebiet-03;Kunststoff;
2328;1965;PE;100;;27,346747;4,8;2,1;6;Stadtrand-02;Wohngebiet-03;Kunststoff;
2329;1971;PE;100;;29,698531;3,6;1,3;6;Stadtrand-02;Wohngebiet-03;Kunststoff;
2330;1950;GG;100;2009;132,98076;4;2;9;Innenstadt-03;Wohngebiet-03;Guss;
2331;1975;PE;100;;30,987924;3,8;1,3;6;Stadtrand-02;Wohngebiet-03;Kunststoff;
2333;1969;PE;100;;28,965272;3,8;2;6;Stadtrand-02;Wohngebiet-03;Kunststoff;
2334;2006;PE;100;;33,24519;4,3;1,1;6;Stadtrand-02;Wohngebiet-03;Kunststoff;
2340;1920;GG;100;;41,93147;4,9;1,7;9;Innenstadt-03;Wohngebiet-03;Guss;
2341;1914;GG;100;;7,690087;4,7;1,8;9;Innenstadt-03;Wohngebiet-03;Guss;
2342;1986;PE;100;;33,079379;4,2;2;6;Stadtrand-02;Wohngebiet-03;Kunststoff;
2344;1941;GG;100;1988;22,214974;4,3;1,3;9;Innenstadt-03;Wohngebiet-03;Guss;
2348;1904;GG;100;;30,448496;4,1;1,3;9;Innenstadt-03;Wohngebiet-03;Guss;
2349;1958;PE;100;;24,140963;3,8;1,9;6;Stadtrand-02;Wohngebiet-03;Kunststoff;
2351;1952;PE;100;;21,171588;4,6;2;6;Stadtrand-02;Wohngebiet-03;Kunststoff;
2352;1952;PE;100;;21,171588;4;2,1;6;Stadtrand-02;Wohngebiet-03;Kunststoff;
2354;1989;PE;100;;33,234803;4,8;2,4;6;Stadtrand-02;Wohngebiet-03;Kunststoff;
2357;1961;PE;100;;25,561763;4,4;2,4;6;Stadtrand-02;Wohngebiet-03;Kunststoff;
2358;1910;GG;100;;35,494223;3,8;1,9;9;Innenstadt-03;Wohngebiet-03;Guss;
2359;1895;GG;100;;22,444298;4,7;2,5;9;Innenstadt-03;Wohngebiet-03;Guss;
2362;1923;GG;100;;43,136519;3,8;1,4;9;Innenstadt-03;Wohngebiet-03;Guss;
2366;1980;PE;100;;32,222343;4,4;1,1;6;Stadtrand-02;Wohngebiet-03;Kunststoff;
2367;1939;GG;100;;20,325528;4,7;2,4;9;Innenstadt-03;Wohngebiet-03;Guss;
2368;1926;GG;100;;43,934649;4,2;1,6;9;Innenstadt-03;Wohngebiet-03;Guss;
2369;1958;PE;100;;24,140963;3,7;2,5;6;Stadtrand-02;Wohngebiet-03;Kunststoff;
2373;1942;GG;100;;23,07026;4,6;1,1;9;Innenstadt-03;Wohngebiet-03;Guss;
2374;1974;PE;100;;30,689178;4,3;2,3;6;Stadtrand-02;Wohngebiet-03;Kunststoff;
2376;1904;GG;100;;30,448496;3,5;1,4;9;Innenstadt-03;Wohngebiet-03;Guss;
2377;1902;GG;100;;28,675314;4,5;1,4;3;Innenstadt-03;Grünfläche-01;Guss;
2379;1950;PE;100;;20,164227;4,8;2;6;Stadtrand-02;Wohngebiet-03;Kunststoff;
2380;1909;GG;100;;34,694881;4,3;2,2;3;Innenstadt-03;Grünfläche-01;Guss;
2382;1975;PE;100;;30,987924;3,6;1;6;Stadtrand-02;Wohngebiet-03;Kunststoff;
2383;1984;PE;100;;32,873278;4,2;2,1;6;Stadtrand-02;Wohngebiet-03;Kunststoff;
2384;1994;PE;100;;33,24519;3,6;2,3;6;Stadtrand-02;Wohngebiet-03;Kunststoff;
2385;2003;PE;100;;33,24519;4,7;1,6;6;Innenstadt-03;Gewerbegebiet-02;Kunststoff;
2388;1987;PE;100;;33,151819;4,3;1,2;6;Innenstadt-03;Gewerbegebiet-02;Kunststoff;
2389;1983;PE;100;;32,740001;4,6;1,5;6;Innenstadt-03;Gewerbegebiet-02;Kunststoff;
2390;1962;PE;100;;26,021161;4,8;2,4;6;Innenstadt-03;Gewerbegebiet-02;Kunststoff;
2391;1949;GG;100;2011;132,685575;3,5;1,6;3;Innenstadt-03;Grünfläche-01;Guss;
2394;1992;PE;100;;33,24519;4,3;2,1;6;Innenstadt-03;Gewerbegebiet-02;Kunststoff;
2395;1951;PE;100;;20,668227;3,9;1,9;6;Innenstadt-03;Gewerbegebiet-02;Kunststoff;
2397;2014;PE;100;;33,24519;3,8;1,6;6;Innenstadt-03;Gewerbegebiet-02;Kunststoff;
2398;1983;PE;100;;32,740001;4;2;6;Stadtrand-02;Wohngebiet-03;Kunststoff;
2399;1964;PE;100;;26,914363;5;2,3;6;Stadtrand-02;Wohngebiet-03;Kunststoff;
2400;1963;PE;100;;26,472265;3,8;2,3;6;Stadtrand-02;Wohngebiet-03;Kunststoff;
2405;1892;GG;100;;19,873157;3,7;2,2;3;Innenstadt-03;Grünfläche-01;Guss;
2407;1998;PE;100;;33,24519;3,8;1,3;6;Stadtrand-02;Wohngebiet-03;Kunststoff;
2408;1977;PE;100;;31,534986;3,9;2;6;Stadtrand-02;Wohngebiet-03;Kunststoff;
2409;1923;GG;100;;43,136519;4,7;1,5;9;Innenstadt-03;Wohngebiet-03;Guss;
2410;1934;GG;100;1989;75,287609;4,5;1;9;Innenstadt-03;Wohngebiet-03;Guss;
2411;2007;PE;100;;33,24519;4,1;1;6;Stadtrand-02;Wohngebiet-03;Kunststoff;
2412;1892;GG;100;;19,873157;4,3;2,5;3;Innenstadt-03;Grünfläche-01;Guss;
2413;2000;PE;100;;33,24519;4,6;2,1;6;Stadtrand-02;Wohngebiet-03;Kunststoff;
2416;1951;PE;100;;20,668227;4,6;2;6;Stadtrand-02;Wohngebiet-03;Kunststoff;
2419;1994;PE;100;;33,24519;4,5;1,9;6;Stadtrand-02;Wohngebiet-03;Kunststoff;
2421;1952;GG;100;1980;131,803947;3,9;1,4;3;Innenstadt-03;Grünfläche-01;Guss;
2424;1919;GG;100;1992;41,445112;4,3;2,3;3;Innenstadt-03;Grünfläche-01;Guss;
2425;1978;PE;100;;31,782318;3,8;2,3;6;Stadtrand-02;Wohngebiet-03;Kunststoff;
2427;1937;GG;100;2000;91,345489;4,5;1,1;3;Innenstadt-03;Grünfläche-01;Guss;
2429;1954;PE;100;;22,173771;4,8;1,7;6;Stadtrand-02;Wohngebiet-03;Kunststoff;
2430;1960;PE;100;;25,094786;4,9;2;6;Stadtrand-02;Wohngebiet-03;Kunststoff;
2431;1932;GG;100;;64,728685;4,3;2,2;9;Innenstadt-03;Wohngebiet-03;Guss;
2433;1958;GG;100;1980;115,351298;4,9;1,9;9;Innenstadt-03;Wohngebiet-03;Guss;
2437;1926;GG;100;1974;43,934649;4,7;1,6;9;Innenstadt-03;Wohngebiet-03;Guss;
2438;1979;PE;100;;32,011576;4,1;1;6;Stadtrand-02;Wohngebiet-03;Kunststoff;
2439;1981;PE;100;;32,414232;4,9;1,5;6;Stadtrand-02;Wohngebiet-03;Kunststoff;
2440;1958;PE;100;;24,140963;5;2,1;6;Stadtrand-02;Wohngebiet-03;Kunststoff;
2441;1905;GG;100;;31,323542;4,7;1,4;9;Innenstadt-03;Wohngebiet-03;Guss;
2444;1994;PE;100;;33,24519;3,9;1,3;6;Stadtrand-02;Wohngebiet-03;Kunststoff;
2445;1914;GG;100;;7,690087;4,8;1,6;9;Innenstadt-03;Wohngebiet-03;Guss;
2446;1976;PE;100;;31,270029;3,5;1,3;6;Stadtrand-02;Wohngebiet-03;Kunststoff;
2447;2014;PE;100;;33,24519;4,9;1,7;6;Stadtrand-02;Wohngebiet-03;Kunststoff;
2448;1938;GG;100;;96,563851;3,9;2,5;9;Innenstadt-03;Wohngebiet-03;Guss;
2455;2009;PE;100;;33,24519;5;1,4;6;Stadtrand-02;Wohngebiet-03;Kunststoff;
2457;2006;PE;100;;33,24519;4,3;1,9;6;Stadtrand-02;Wohngebiet-03;Kunststoff;
2459;1992;PE;100;;33,24519;4,7;1;6;Stadtrand-02;Wohngebiet-03;Kunststoff;
2460;2003;PE;100;;33,24519;4,9;1,6;6;Stadtrand-02;Wohngebiet-03;Kunststoff;
2467;2011;PE;100;;33,24519;3,6;1,2;6;Stadtrand-02;Wohngebiet-03;Kunststoff;
2468;1989;PE;100;;33,234803;4,2;1,3;6;Stadtrand-02;Wohngebiet-03;Kunststoff;
2471;1953;PE;100;;21,673658;4,8;2,4;6;Stadtrand-02;Wohngebiet-03;Kunststoff;
2472;1973;PE;100;;30,374322;3,9;1,3;6;Stadtrand-02;Wohngebiet-03;Kunststoff;
2475;2012;PE;100;;33,24519;4,4;2,1;9;Innenstadt-03;Wohngebiet-03;Kunststoff;
2477;1949;GG;100;;132,685575;3,9;1,9;9;Innenstadt-03;Wohngebiet-03;Guss;
2478;1982;PE;100;;32,586891;4,3;2,1;9;Innenstadt-03;Wohngebiet-03;Kunststoff;
2479;1905;GG;100;1966;31,323542;3,7;2;9;Innenstadt-03;Wohngebiet-03;Guss;
2480;2009;PE;100;;33,24519;4,6;1,1;9;Innenstadt-03;Wohngebiet-03;Kunststoff;
2481;1986;PE;100;;33,079379;4,7;1,4;9;Innenstadt-03;Wohngebiet-03;Kunststoff;
2482;1960;PE;100;;25,094786;4,6;1,4;9;Innenstadt-03;Wohngebiet-03;Kunststoff;
2483;1955;PE;100;;22,67125;4,1;2;6;Innenstadt-03;Gewerbegebiet-02;Kunststoff;
2485;2006;PE;100;;33,24519;4,5;1,6;6;Innenstadt-03;Gewerbegebiet-02;Kunststoff;
2487;1985;PE;100;;32,986474;3,5;1,9;6;Innenstadt-03;Gewerbegebiet-02;Kunststoff;
2488;1955;PE;100;;22,67125;3,8;1,8;6;Innenstadt-03;Gewerbegebiet-02;Kunststoff;
2489;1995;PE;100;;33,24519;4,7;2,4;6;Innenstadt-03;Gewerbegebiet-02;Kunststoff;
2491;1981;PE;100;;32,414232;5;1,9;6;Stadtrand-02;Wohngebiet-03;Kunststoff;
2492;1973;PE;100;;30,374322;4,3;1,2;6;Stadtrand-02;Wohngebiet-03;Kunststoff;
2494;1981;PE;100;;32,414232;5;2;6;Stadtrand-02;Wohngebiet-03;Kunststoff;
2496;1973;PE;100;;30,374322;4,8;2;6;Stadtrand-02;Wohngebiet-03;Kunststoff;
2497;1945;GG;100;;25,158882;3,8;2,4;9;Innenstadt-03;Wohngebiet-03;Guss;
2498;1899;GG;100;1960;25,989777;3,6;1,1;9;Innenstadt-03;Wohngebiet-03;Guss;
2500;1917;GG;100;;8,070903;4,4;1,5;9;Innenstadt-03;Wohngebiet-03;Guss;
2506;1990;PE;100;;33,24519;5;1;6;Stadtrand-02;Wohngebiet-03;Kunststoff;
2507;1990;PE;100;;33,24519;4,3;1,7;6;Stadtrand-02;Wohngebiet-03;Kunststoff;
2508;1914;GG;100;1972;7,690087;3,9;2,1;9;Innenstadt-03;Wohngebiet-03;Guss;
2509;1960;GG;100;;106,482669;4,8;1;9;Innenstadt-03;Wohngebiet-03;Guss;
2510;1976;PE;100;;31,270029;4,5;1,9;6;Stadtrand-02;Wohngebiet-03;Kunststoff;
2515;1912;GG;100;1963;37,024956;4,8;2,1;9;Innenstadt-03;Wohngebiet-03;Guss;
2518;1958;GG;100;1969;115,351298;4,8;1,3;9;Innenstadt-03;Wohngebiet-03;Guss;
2519;1951;PE;100;;20,668227;4,5;2,1;6;Stadtrand-02;Wohngebiet-03;Kunststoff;
2521;1952;PE;100;;21,171588;4,5;1,7;6;Stadtrand-02;Wohngebiet-03;Kunststoff;
2522;1985;PE;100;;32,986474;3,9;1,3;6;Stadtrand-02;Wohngebiet-03;Kunststoff;
2525;1897;GG;100;1993;24,205797;3,6;1,3;9;Innenstadt-03;Wohngebiet-03;Guss;
2527;1979;PE;100;;32,011576;4,2;2,5;6;Stadtrand-02;Wohngebiet-03;Kunststoff;
2528;1967;PE;100;;28,17958;3,7;1,2;6;Stadtrand-02;Wohngebiet-03;Kunststoff;
2529;2010;PE;100;;33,24519;3,8;1,1;6;Stadtrand-02;Wohngebiet-03;Kunststoff;
2532;1941;GG;100;1991;22,214974;5;1,7;9;Innenstadt-03;Wohngebiet-03;Guss;
2535;1965;PE;100;;27,346747;4,1;2,1;6;Stadtrand-02;Wohngebiet-03;Kunststoff;
2536;1961;PE;100;;25,561763;4;2,4;6;Stadtrand-02;Wohngebiet-03;Kunststoff;
2537;1952;PE;100;;21,171588;4,7;2;6;Stadtrand-02;Wohngebiet-03;Kunststoff;
2538;1931;GG;100;;59,619472;3,8;2,5;3;Innenstadt-03;Grünfläche-01;Guss;
2539;1963;PE;100;;26,472265;3,9;1,1;6;Stadtrand-02;Wohngebiet-03;Kunststoff;
2540;1948;GG;100;;131,803947;3,9;2;9;Innenstadt-03;Wohngebiet-03;Guss;
2541;1997;PE;100;;33,24519;3,8;1,1;6;Stadtrand-02;Wohngebiet-03;Kunststoff;
2545;1970;PE;100;;29,338777;3,9;2,1;6;Stadtrand-02;Wohngebiet-03;Kunststoff;
2547;1911;GG;100;1997;36,271656;4,9;2,2;3;Innenstadt-03;Grünfläche-01;Guss;
2548;2011;PE;100;;33,24519;4;2,1;6;Stadtrand-02;Wohngebiet-03;Kunststoff;
2549;1961;PE;100;;25,561763;5;1,9;6;Stadtrand-02;Wohngebiet-03;Kunststoff;
2552;1960;PE;100;;25,094786;3,5;1,3;6;Stadtrand-02;Wohngebiet-03;Kunststoff;
2553;1959;PE;100;;24,620947;4;2,1;6;Stadtrand-02;Wohngebiet-03;Kunststoff;
2554;1891;GG;100;;19,040955;4,2;1,1;3;Innenstadt-03;Grünfläche-01;Guss;
2556;1915;GG;100;1961;7,823674;3,8;1,1;9;Innenstadt-03;Wohngebiet-03;Guss;
2557;1899;GG;100;1965;25,989777;4,5;1,7;3;Innenstadt-03;Grünfläche-01;Guss;
2558;1987;PE;100;;33,151819;4,9;1,4;6;Stadtrand-02;Wohngebiet-03;Kunststoff;
2559;1928;GG;100;1997;44,228525;4,6;1,5;3;Innenstadt-03;Grünfläche-01;Guss;
2564;1973;PE;100;;30,374322;4,9;1,1;6;Stadtrand-02;Wohngebiet-03;Kunststoff;
2565;2009;PE;100;;33,24519;3,6;1,5;6;Stadtrand-02;Wohngebiet-03;Kunststoff;
2566;2006;PE;100;;33,24519;4,5;1,7;6;Stadtrand-02;Wohngebiet-03;Kunststoff;
2568;1991;PE;100;;33,24519;4,6;2,3;6;Stadtrand-02;Wohngebiet-03;Kunststoff;
2569;2011;PE;100;;33,24519;3,5;1,1;6;Stadtrand-02;Wohngebiet-03;Kunststoff;
2570;1977;PE;100;;31,534986;3,8;2,3;6;Stadtrand-02;Wohngebiet-03;Kunststoff;
2574;1946;GG;100;;128,335625;4,6;1,8;3;Innenstadt-03;Grünfläche-01;Guss;
2576;1979;PE;100;;32,011576;4,2;1,1;6;Stadtrand-02;Wohngebiet-03;Kunststoff;
2577;1997;PE;100;;33,24519;4,7;1,4;6;Stadtrand-02;Wohngebiet-03;Kunststoff;
2579;1918;GG;100;;8,183781;4,5;1,8;9;Innenstadt-03;Wohngebiet-03;Guss;
2580;1970;PE;100;;29,338777;4,6;2,2;6;Stadtrand-02;Wohngebiet-03;Kunststoff;
2581;1955;PE;100;;22,67125;3,7;1,3;6;Stadtrand-02;Wohngebiet-03;Kunststoff;
2582;1940;GG;100;2001;21,296534;3,9;1,4;3;Innenstadt-03;Grünfläche-01;Guss;
2583;1984;PE;100;;32,873278;3,8;1,8;6;Stadtrand-02;Wohngebiet-03;Kunststoff;
2584;1961;PE;100;;25,561763;4,2;2,2;6;Stadtrand-02;Wohngebiet-03;Kunststoff;
2585;1930;GG;100;;44,32692;4,2;2,4;3;Innenstadt-03;Grünfläche-01;Guss;
2586;2015;PE;100;;33,24519;4,1;2;6;Stadtrand-02;Wohngebiet-03;Kunststoff;
2587;1996;PE;100;;33,24519;3,5;1,3;6;Stadtrand-02;Wohngebiet-03;Kunststoff;
2589;1978;PE;100;;31,782318;4;1;6;Stadtrand-02;Wohngebiet-03;Kunststoff;
2591;1992;PE;100;;33,24519;4,8;1,4;6;Stadtrand-02;Wohngebiet-03;Kunststoff;
2594;1953;PE;100;;21,673658;3,8;2;6;Stadtrand-02;Wohngebiet-03;Kunststoff;
2595;2014;PE;100;;33,24519;3,7;2,1;6;Stadtrand-02;Wohngebiet-03;Kunststoff;
2596;1973;PE;100;;30,374322;3,8;2,4;6;Stadtrand-02;Wohngebiet-03;Kunststoff;
2603;1904;GG;100;;30,448496;4,2;1,7;3;Innenstadt-03;Grünfläche-01;Guss;
2605;1958;PE;100;;24,140963;4,2;1,4;6;Stadtrand-02;Wohngebiet-03;Kunststoff;
2606;1917;GG;100;1985;8,070903;4,1;1;3;Innenstadt-03;Grünfläche-01;Guss;
2607;1953;GG;100;1982;130,347565;3,7;1,4;3;Innenstadt-03;Grünfläche-01;Guss;
2608;1966;PE;100;;27,768717;4,7;1;6;Stadtrand-02;Wohngebiet-03;Kunststoff;
2609;1936;GG;100;2011;86,025942;4,6;1,4;3;Innenstadt-03;Grünfläche-01;Guss;
2611;2014;PE;100;;33,24519;3,7;1,9;6;Stadtrand-02;Wohngebiet-03;Kunststoff;
2612;2006;PE;100;;33,24519;4,1;2,4;6;Stadtrand-02;Wohngebiet-03;Kunststoff;
2613;1894;GG;100;;21,576228;4,7;1,2;9;Innenstadt-03;Wohngebiet-03;Guss;
2614;1972;PE;100;;30,043914;4,2;1,7;6;Stadtrand-02;Wohngebiet-03;Kunststoff;
2615;1940;GG;100;;21,296534;4,5;1;9;Innenstadt-03;Wohngebiet-03;Guss;
2616;1983;PE;100;;32,740001;4,9;2,1;6;Stadtrand-02;Wohngebiet-03;Kunststoff;
2618;1922;GG;100;;42,778542;3,9;2,3;9;Innenstadt-03;Wohngebiet-03;Guss;
2619;1902;GG;100;;28,675314;4,2;1;9;Innenstadt-03;Wohngebiet-03;Guss;
2621;1893;GG;100;;20,718699;3,9;2;9;Innenstadt-03;Wohngebiet-03;Guss;
2622;1953;GG;100;;130,347565;3,9;2,4;9;Innenstadt-03;Wohngebiet-03;Guss;
2623;1959;PE;100;;24,620947;4,3;1,2;6;Stadtrand-02;Wohngebiet-03;Kunststoff;
2628;1959;GG;100;1981;111,074868;3,5;2,4;9;Innenstadt-03;Wohngebiet-03;Guss;
2634;1914;GG;100;;7,690087;5;1,6;9;Innenstadt-03;Wohngebiet-03;Guss;
2635;1995;PE;100;;33,24519;3,8;1,1;6;Stadtrand-02;Wohngebiet-03;Kunststoff;
2636;1982;PE;100;;32,586891;4,8;2;6;Stadtrand-02;Wohngebiet-03;Kunststoff;
2639;1997;PE;100;;33,24519;4,8;1,6;6;Stadtrand-02;Wohngebiet-03;Kunststoff;
2643;2007;PE;100;;33,24519;3,5;2,5;6;Stadtrand-02;Wohngebiet-03;Kunststoff;
2645;1954;PE;100;;22,173771;4,8;2;6;Stadtrand-02;Wohngebiet-03;Kunststoff;
2647;1973;PE;100;;30,374322;3,9;1;6;Stadtrand-02;Wohngebiet-03;Kunststoff;
2649;1954;PE;100;;22,173771;4,9;1;6;Stadtrand-02;Wohngebiet-03;Kunststoff;
2654;1953;PE;100;;21,673658;4,8;2;6;Stadtrand-02;Wohngebiet-03;Kunststoff;
2657;2012;PE;100;;33,24519;4,6;1,3;6;Stadtrand-02;Wohngebiet-03;Kunststoff;
2659;1998;PE;100;;33,24519;3,7;2,2;6;Stadtrand-02;Wohngebiet-03;Kunststoff;
2660;2015;PE;100;;33,24519;3,5;1,1;6;Stadtrand-02;Wohngebiet-03;Kunststoff;
2662;1994;PE;100;;33,24519;5;1,5;6;Stadtrand-02;Wohngebiet-03;Kunststoff;
2664;1965;PE;100;;27,346747;4,7;2;6;Stadtrand-02;Wohngebiet-03;Kunststoff;
2665;2003;PE;100;;33,24519;4,8;2,5;6;Stadtrand-02;Wohngebiet-03;Kunststoff;
2666;1933;GG;100;;69,964099;4,9;2,2;9;Innenstadt-03;Wohngebiet-03;Guss;
2667;1958;GG;100;1981;115,351298;3,8;1,5;9;Innenstadt-03;Wohngebiet-03;Guss;
2669;1950;PE;100;;20,164227;4,5;1,3;6;Stadtrand-02;Wohngebiet-03;Kunststoff;
2671;1959;GG;100;2009;111,074868;4,2;2,5;9;Innenstadt-03;Wohngebiet-03;Guss;
2673;1958;GG;100;;115,351298;3,5;1,3;3;Innenstadt-03;Grünfläche-01;Guss;
2675;2010;PE;100;;33,24519;4,3;2,1;6;Stadtrand-02;Wohngebiet-03;Kunststoff;
2676;2013;PE;100;;33,24519;3,8;1,7;6;Stadtrand-02;Wohngebiet-03;Kunststoff;
2677;1949;GG;100;;132,685575;4,3;2,2;3;Innenstadt-03;Grünfläche-01;Guss;
2678;1952;GG;100;;131,803947;4,9;1,5;9;Innenstadt-03;Wohngebiet-03;Guss;
2680;1957;GG;100;2005;119,261143;4,8;2,1;3;Innenstadt-03;Grünfläche-01;Guss;
2682;1934;GG;100;;75,287609;4,3;2,1;3;Innenstadt-03;Grünfläche-01;Guss;
2684;1923;GG;100;;43,136519;3,6;1,8;3;Innenstadt-03;Grünfläche-01;Guss;
2685;1997;PE;100;;33,24519;4;1;6;Stadtrand-02;Wohngebiet-03;Kunststoff;
2686;1984;PE;100;;32,873278;4,7;2,2;6;Stadtrand-02;Wohngebiet-03;Kunststoff;
2688;1959;PE;100;;24,620947;4,9;2,5;6;Stadtrand-02;Wohngebiet-03;Kunststoff;
2689;1906;GG;100;;32,18795;4,4;1,6;3;Innenstadt-03;Grünfläche-01;Guss;
2690;1953;PE;100;;21,673658;3,8;1,4;6;Stadtrand-02;Wohngebiet-03;Kunststoff;
2691;1913;GG;100;1985;37,75193;4,1;1,3;3;Innenstadt-03;Grünfläche-01;Guss;
2694;1981;PE;100;;32,414232;4,5;2,3;6;Stadtrand-02;Wohngebiet-03;Kunststoff;
2695;1939;GG;100;;20,325528;4,9;2,3;3;Innenstadt-03;Grünfläche-01;Guss;
2696;1985;PE;100;;32,986474;3,9;1,8;6;Stadtrand-02;Wohngebiet-03;Kunststoff;
2697;1972;PE;100;;30,043914;4,8;1,8;6;Stadtrand-02;Wohngebiet-03;Kunststoff;
2699;1957;PE;100;;23,655546;3,6;1,6;6;Stadtrand-02;Wohngebiet-03;Kunststoff;
2700;2004;PE;100;;33,24519;4,8;2,2;6;Stadtrand-02;Wohngebiet-03;Kunststoff;
2701;1946;GG;100;2014;128,335625;3,5;2,4;3;Innenstadt-03;Grünfläche-01;Guss;
2702;1912;GG;100;2009;37,024956;3,8;2,3;3;Innenstadt-03;Grünfläche-01;Guss;
2704;1939;GG;100;1997;20,325528;4,1;1,1;9;Innenstadt-03;Wohngebiet-03;Guss;
2707;1950;PE;100;;20,164227;4,4;2,5;6;Stadtrand-02;Wohngebiet-03;Kunststoff;
2708;1974;PE;100;;30,689178;3,7;2,3;6;Stadtrand-02;Wohngebiet-03;Kunststoff;
2709;1968;PE;100;;28,578655;4,2;1;6;Stadtrand-02;Wohngebiet-03;Kunststoff;
2710;1932;GG;100;;64,728685;4,9;1;9;Innenstadt-03;Wohngebiet-03;Guss;
2711;1928;GG;100;1963;44,228525;4,8;1,2;9;Innenstadt-03;Wohngebiet-03;Guss;
2712;1910;GG;100;;35,494223;4,9;2,5;30;Innenstadt-03;öffentl./krit. Einrichtungen-10;Guss;
2713;1930;GG;100;2003;44,32692;4;2,1;30;Innenstadt-03;öffentl./krit. Einrichtungen-10;Guss;
2714;2008;PE;100;;33,24519;4,7;1,9;6;Stadtrand-02;Wohngebiet-03;Kunststoff;
2715;1890;GG;100;2012;18,223342;4,8;1,6;30;Innenstadt-03;öffentl./krit. Einrichtungen-10;Guss;
2716;1957;PE;100;;23,655546;4,2;1,9;6;Stadtrand-02;Wohngebiet-03;Kunststoff;
2717;2015;PE;100;;33,24519;4,9;2,5;6;Stadtrand-02;Wohngebiet-03;Kunststoff;
2719;1974;PE;100;;30,689178;5;1,3;6;Stadtrand-02;Wohngebiet-03;Kunststoff;
2720;1960;GG;100;;106,482669;4,6;1;9;Innenstadt-03;Wohngebiet-03;Guss;
2721;1941;GG;100;1962;22,214974;3,6;1,5;9;Innenstadt-03;Wohngebiet-03;Guss;
2722;1958;GG;100;1994;115,351298;4,5;2,4;30;Innenstadt-03;öffentl./krit. Einrichtungen-10;Guss;
2724;1919;GG;100;;41,445112;4,7;1,4;30;Innenstadt-03;öffentl./krit. Einrichtungen-10;Guss;
2726;1976;PE;100;;31,270029;4,8;2,1;6;Stadtrand-02;Wohngebiet-03;Kunststoff;
2729;1976;PE;100;;31,270029;3,8;1,3;6;Stadtrand-02;Wohngebiet-03;Kunststoff;
2731;1951;PE;100;;20,668227;3,7;1,4;6;Stadtrand-02;Wohngebiet-03;Kunststoff;
2732;2013;PE;100;;33,24519;5;2;6;Stadtrand-02;Wohngebiet-03;Kunststoff;
2734;1971;PE;100;;29,698531;3,5;2,5;6;Stadtrand-02;Wohngebiet-03;Kunststoff;
2735;1929;GG;100;1970;44,302301;4;2,1;30;Innenstadt-03;öffentl./krit. Einrichtungen-10;Guss;
2738;1972;PE;100;;30,043914;4,1;2,5;6;Stadtrand-02;Wohngebiet-03;Kunststoff;
2739;1967;PE;100;;28,17958;4,2;1,9;6;Stadtrand-02;Wohngebiet-03;Kunststoff;
2740;1976;PE;100;;31,270029;4,2;1,5;6;Stadtrand-02;Wohngebiet-03;Kunststoff;
2741;1935;GG;100;;80,656908;3,8;2,1;30;Innenstadt-03;öffentl./krit. Einrichtungen-10;Guss;
2743;1951;PE;100;;20,668227;4;2;6;Stadtrand-02;Wohngebiet-03;Kunststoff;
2744;2009;PE;100;;33,24519;4,3;1,1;6;Stadtrand-02;Wohngebiet-03;Kunststoff;
2746;1917;GG;100;;8,070903;4,2;1,9;30;Innenstadt-03;öffentl./krit. Einrichtungen-10;Guss;
2748;1976;PE;100;;31,270029;4,2;2,1;6;Stadtrand-02;Wohngebiet-03;Kunststoff;
2749;1977;PE;100;;31,534986;3,6;2,4;6;Stadtrand-02;Wohngebiet-03;Kunststoff;
2750;1962;PE;100;;26,021161;5;1,2;6;Stadtrand-02;Wohngebiet-03;Kunststoff;
2752;1950;GG;100;;132,98076;5;1,6;30;Innenstadt-03;öffentl./krit. Einrichtungen-10;Guss;
2753;1967;PE;100;;28,17958;4,4;2,5;6;Stadtrand-02;Wohngebiet-03;Kunststoff;
2756;1914;GG;100;1996;7,690087;4,4;1,6;30;Innenstadt-03;öffentl./krit. Einrichtungen-10;Guss;
2757;1891;GG;100;1990;19,040955;4,7;2,2;30;Innenstadt-03;öffentl./krit. Einrichtungen-10;Guss;
2762;1994;PE;100;;33,24519;4,8;2,4;6;Stadtrand-02;Wohngebiet-03;Kunststoff;
2763;1909;GG;100;1983;34,694881;4,8;1,9;9;Innenstadt-03;Wohngebiet-03;Guss;
2764;1954;PE;100;;22,173771;4;2,3;6;Stadtrand-02;Wohngebiet-03;Kunststoff;
2767;2003;PE;100;;33,24519;3,7;2,4;6;Stadtrand-02;Wohngebiet-03;Kunststoff;
2769;2001;PE;100;;33,24519;3,6;1,2;6;Stadtrand-02;Wohngebiet-03;Kunststoff;
2773;1903;GG;100;1985;29,565028;3,7;1;30;Innenstadt-03;öffentl./krit. Einrichtungen-10;Guss;
2774;1911;GG;100;;36,271656;4,7;1,1;30;Innenstadt-03;öffentl./krit. Einrichtungen-10;Guss;
2775;1946;GG;100;;128,335625;4,3;1,8;30;Innenstadt-03;öffentl./krit. Einrichtungen-10;Guss;
2776;1948;GG;100;;131,803947;4,1;1,3;30;Innenstadt-03;öffentl./krit. Einrichtungen-10;Guss;
2777;1956;PE;100;;23,165407;4,9;2,4;6;Stadtrand-02;Wohngebiet-03;Kunststoff;
2778;1982;PE;100;;32,586891;3,5;2,5;6;Stadtrand-02;Wohngebiet-03;Kunststoff;
2780;1961;PE;100;;25,561763;4,1;2,2;6;Stadtrand-02;Wohngebiet-03;Kunststoff;
2781;1979;PE;100;;32,011576;4,2;1,6;6;Stadtrand-02;Wohngebiet-03;Kunststoff;
2782;1893;GG;100;2014;20,718699;3,6;1,7;30;Innenstadt-03;öffentl./krit. Einrichtungen-10;Guss;
2785;1952;GG;100;1970;131,803947;4,8;2,3;30;Innenstadt-03;öffentl./krit. Einrichtungen-10;Guss;
2786;2001;PE;100;;33,24519;4;1;6;Stadtrand-02;Wohngebiet-03;Kunststoff;
2787;1983;PE;100;;32,740001;4,9;2,3;6;Stadtrand-02;Wohngebiet-03;Kunststoff;
2788;1912;GG;100;1970;37,024956;4;1,9;30;Innenstadt-03;öffentl./krit. Einrichtungen-10;Guss;
2789;1900;GG;100;;26,885636;3,5;2,4;30;Innenstadt-03;öffentl./krit. Einrichtungen-10;Guss;
2790;1992;PE;100;;33,24519;3,7;1,5;6;Stadtrand-02;Wohngebiet-03;Kunststoff;
2791;1990;PE;100;;33,24519;4,6;1,4;6;Stadtrand-02;Wohngebiet-03;Kunststoff;
2792;1916;GG;100;1960;7,950743;4,4;2;30;Innenstadt-03;öffentl./krit. Einrichtungen-10;Guss;
2793;1953;PE;100;;21,673658;3,9;1,3;6;Stadtrand-02;Wohngebiet-03;Kunststoff;
2796;1890;GG;100;1982;18,223342;3,7;1,4;30;Innenstadt-03;öffentl./krit. Einrichtungen-10;Guss;
2797;2005;PE;100;;33,24519;4,4;2,5;6;Stadtrand-02;Wohngebiet-03;Kunststoff;
2800;1965;PE;100;;27,346747;4,8;1;6;Stadtrand-02;Wohngebiet-03;Kunststoff;
2802;1958;GG;100;1975;115,351298;4,9;1,2;30;Innenstadt-03;öffentl./krit. Einrichtungen-10;Guss;
2803;2010;PE;100;;33,24519;4,3;1;6;Stadtrand-02;Wohngebiet-03;Kunststoff;
2804;1949;GG;100;1984;132,685575;4,8;1;30;Innenstadt-03;öffentl./krit. Einrichtungen-10;Guss;
2805;1929;GG;100;;44,302301;3,9;1,6;30;Innenstadt-03;öffentl./krit. Einrichtungen-10;Guss;
2806;1993;PE;100;;33,24519;4;2,1;6;Stadtrand-02;Wohngebiet-03;Kunststoff;
2807;1956;PE;100;;23,165407;4,1;2,1;6;Stadtrand-02;Wohngebiet-03;Kunststoff;
2808;1957;GG;100;;119,261143;4,5;2,1;30;Innenstadt-03;öffentl./krit. Einrichtungen-10;Guss;
2811;1978;PE;100;;31,782318;3,8;1,8;6;Stadtrand-02;Wohngebiet-03;Kunststoff;
2812;1904;GG;100;;30,448496;4;1,5;30;Innenstadt-03;öffentl./krit. Einrichtungen-10;Guss;
2813;2014;PE;100;;33,24519;5;1,7;6;Stadtrand-02;Wohngebiet-03;Kunststoff;
2817;1989;PE;100;;33,234803;4,1;1,6;6;Stadtrand-02;Wohngebiet-03;Kunststoff;
2820;1959;PE;100;;24,620947;3,9;2,3;6;Stadtrand-02;Wohngebiet-03;Kunststoff;
2821;2009;PE;100;;33,24519;3,5;2;6;Stadtrand-02;Wohngebiet-03;Kunststoff;
2824;1986;PE;100;;33,079379;4,6;1,2;6;Stadtrand-02;Wohngebiet-03;Kunststoff;
2825;1923;GG;100;2005;43,136519;4;1,3;30;Innenstadt-03;öffentl./krit. Einrichtungen-10;Guss;
2826;1956;PE;100;;23,165407;3,7;1,7;6;Stadtrand-02;Wohngebiet-03;Kunststoff;
2829;1914;GG;100;1975;7,690087;3,8;1,4;30;Innenstadt-03;öffentl./krit. Einrichtungen-10;Guss;
2832;1919;GG;100;;41,445112;4,3;1,3;30;Innenstadt-03;öffentl./krit. Einrichtungen-10;Guss;
2836;1984;PE;100;;32,873278;4,4;1,5;6;Stadtrand-02;Wohngebiet-03;Kunststoff;
2837;1923;GG;100;2012;43,136519;4,4;2,5;30;Innenstadt-03;öffentl./krit. Einrichtungen-10;Guss;
2838;1997;PE;100;;33,24519;4,7;1,5;6;Stadtrand-02;Wohngebiet-03;Kunststoff;
2839;1961;PE;100;;25,561763;5;2,3;6;Stadtrand-02;Wohngebiet-03;Kunststoff;
2841;1975;PE;100;;30,987924;4,4;2,1;6;Stadtrand-02;Wohngebiet-03;Kunststoff;
2844;2015;PE;100;;33,24519;4,4;1,9;6;Stadtrand-02;Wohngebiet-03;Kunststoff;
2845;1987;PE;100;;33,151819;4,2;2,2;6;Stadtrand-02;Wohngebiet-03;Kunststoff;
2846;1909;GG;100;1979;34,694881;4,7;1,3;30;Innenstadt-03;öffentl./krit. Einrichtungen-10;Guss;
2849;1959;GG;100;;111,074868;4,6;1,9;30;Innenstadt-03;öffentl./krit. Einrichtungen-10;Guss;
2850;1893;GG;100;;20,718699;4,8;1,1;30;Innenstadt-03;öffentl./krit. Einrichtungen-10;Guss;
2851;2000;PE;100;;33,24519;3,7;1,3;6;Stadtrand-02;Wohngebiet-03;Kunststoff;
2852;1997;PE;100;;33,24519;4,6;2,3;6;Stadtrand-02;Wohngebiet-03;Kunststoff;
2854;1930;GG;100;;44,32692;3,9;1;30;Innenstadt-03;öffentl./krit. Einrichtungen-10;Guss;
2855;1960;PE;100;;25,094786;4,7;1,6;6;Stadtrand-02;Wohngebiet-03;Kunststoff;
2857;1957;PE;100;;23,655546;4,6;1,6;6;Stadtrand-02;Wohngebiet-03;Kunststoff;
2858;2000;PE;100;;33,24519;3,8;1,2;6;Stadtrand-02;Wohngebiet-03;Kunststoff;
2863;1951;PE;100;;20,668227;4;1,1;6;Stadtrand-02;Wohngebiet-03;Kunststoff;
2865;1967;PE;100;;28,17958;4,9;1,4;6;Stadtrand-02;Wohngebiet-03;Kunststoff;
2868;1978;PE;100;;31,782318;4,3;1,1;6;Stadtrand-02;Wohngebiet-03;Kunststoff;
2874;2003;PE;100;;33,24519;4,2;2,5;6;Stadtrand-02;Wohngebiet-03;Kunststoff;
2876;1936;GG;100;1977;86,025942;3,8;2,2;30;Innenstadt-03;öffentl./krit. Einrichtungen-10;Guss;
2877;1979;PE;100;;32,011576;3,9;1,9;6;Stadtrand-02;Wohngebiet-03;Kunststoff;
2878;1980;PE;100;;32,222343;3,9;1,5;6;Stadtrand-02;Wohngebiet-03;Kunststoff;
2880;2003;PE;100;;33,24519;3,6;1,8;6;Stadtrand-02;Wohngebiet-03;Kunststoff;
2881;1906;GG;100;1970;32,18795;3,9;1,1;30;Innenstadt-03;öffentl./krit. Einrichtungen-10;Guss;
2886;2012;PE;100;;33,24519;3,5;1,7;6;Stadtrand-02;Wohngebiet-03;Kunststoff;
2887;1925;GG;100;;43,715524;3,8;2,1;30;Innenstadt-03;öffentl./krit. Einrichtungen-10;Guss;
2891;1907;GG;100;1970;33,039482;4;1,8;30;Innenstadt-03;öffentl./krit. Einrichtungen-10;Guss;
2894;1903;GG;100;;29,565028;4,1;1,4;30;Innenstadt-03;öffentl./krit. Einrichtungen-10;Guss;
2899;2002;PE;100;;33,24519;4;1,4;6;Stadtrand-02;Wohngebiet-03;Kunststoff;
2900;1912;GG;100;2006;37,024956;4,9;1,5;30;Innenstadt-03;öffentl./krit. Einrichtungen-10;Guss;
2901;1996;PE;100;;33,24519;4,4;1;6;Stadtrand-02;Wohngebiet-03;Kunststoff;
2902;1944;GG;100;;24,551343;4,1;2,1;30;Innenstadt-03;öffentl./krit. Einrichtungen-10;Guss;
2903;1972;PE;100;;30,043914;3,5;1,1;6;Stadtrand-02;Wohngebiet-03;Kunststoff;
2906;2000;PE;100;;33,24519;3,8;1,9;6;Stadtrand-02;Wohngebiet-03;Kunststoff;
2908;1974;PE;100;;30,689178;4,5;1,1;6;Stadtrand-02;Wohngebiet-03;Kunststoff;
2909;1955;GG;100;;125,794409;4,3;1,7;30;Innenstadt-03;öffentl./krit. Einrichtungen-10;Guss;
2910;1993;PE;100;;33,24519;3,6;1,9;6;Stadtrand-02;Wohngebiet-03;Kunststoff;
2912;1902;GG;100;;28,675314;4,7;1,2;30;Innenstadt-03;öffentl./krit. Einrichtungen-10;Guss;
2913;1900;GG;100;1986;26,885636;3,8;1,8;30;Innenstadt-03;öffentl./krit. Einrichtungen-10;Guss;
2914;1977;PE;100;;31,534986;3,5;1;6;Stadtrand-02;Wohngebiet-03;Kunststoff;
2915;2001;PE;100;;33,24519;4,9;1,4;6;Stadtrand-02;Wohngebiet-03;Kunststoff;
2917;1984;PE;100;;32,873278;3,7;2,5;6;Stadtrand-02;Wohngebiet-03;Kunststoff;
2918;1961;PE;100;;25,561763;4,9;1,3;6;Stadtrand-02;Wohngebiet-03;Kunststoff;
2920;1995;PE;100;;33,24519;3,8;1,1;6;Stadtrand-02;Wohngebiet-03;Kunststoff;
2921;1965;PE;100;;27,346747;4,1;2,2;6;Stadtrand-02;Wohngebiet-03;Kunststoff;
2923;1950;PE;100;;20,164227;4,7;2,1;6;Stadtrand-02;Wohngebiet-03;Kunststoff;
2924;1913;GG;100;1969;37,75193;3,6;1,8;30;Innenstadt-03;öffentl./krit. Einrichtungen-10;Guss;
2925;1955;PE;100;;22,67125;3,7;2;6;Stadtrand-02;Wohngebiet-03;Kunststoff;
2926;1987;PE;100;;33,151819;4,7;1,1;6;Stadtrand-02;Wohngebiet-03;Kunststoff;
2929;1926;GG;100;1996;43,934649;4,4;1,3;30;Innenstadt-03;öffentl./krit. Einrichtungen-10;Guss;
2933;1965;PE;100;;27,346747;4,1;1,2;6;Stadtrand-02;Wohngebiet-03;Kunststoff;
2934;1975;PE;100;;30,987924;4,7;2,1;6;Stadtrand-02;Wohngebiet-03;Kunststoff;
2935;1964;PE;100;;26,914363;4;1,3;6;Stadtrand-02;Wohngebiet-03;Kunststoff;
2937;1979;PE;100;;32,011576;3,5;1,5;6;Stadtrand-02;Wohngebiet-03;Kunststoff;
2938;1960;PE;100;;25,094786;4,2;2;6;Stadtrand-02;Wohngebiet-03;Kunststoff;
2939;1919;GG;100;1988;41,445112;3,8;1;30;Innenstadt-03;öffentl./krit. Einrichtungen-10;Guss;
2940;1969;PE;100;;28,965272;4,1;1,1;6;Stadtrand-02;Wohngebiet-03;Kunststoff;
2942;1939;GG;100;;20,325528;4;2,5;30;Innenstadt-03;öffentl./krit. Einrichtungen-10;Guss;
2943;2011;PE;100;;33,24519;3,5;2,3;6;Stadtrand-02;Wohngebiet-03;Kunststoff;
2944;1928;GG;100;2004;44,228525;4,3;2,1;30;Innenstadt-03;öffentl./krit. Einrichtungen-10;Guss;
2945;1978;PE;100;;31,782318;3,7;2,3;6;Stadtrand-02;Wohngebiet-03;Kunststoff;
2946;1989;PE;100;;33,234803;3,8;1,1;6;Stadtrand-02;Wohngebiet-03;Kunststoff;
2947;1954;PE;100;;22,173771;4,7;1,9;6;Stadtrand-02;Wohngebiet-03;Kunststoff;
2949;2011;PE;100;;33,24519;4,5;2;6;Stadtrand-02;Wohngebiet-03;Kunststoff;
2950;1939;GG;100;2000;20,325528;4,4;2;30;Innenstadt-03;öffentl./krit. Einrichtungen-10;Guss;
2951;1937;GG;100;1966;91,345489;3,7;1,7;30;Innenstadt-03;öffentl./krit. Einrichtungen-10;Guss;
2952;1896;GG;100;;23,321366;5;2,1;30;Innenstadt-03;öffentl./krit. Einrichtungen-10;Guss;
2953;1918;GG;100;;8,183781;4,7;1,3;30;Innenstadt-03;öffentl./krit. Einrichtungen-10;Guss;
2954;1948;GG;100;;131,803947;4,9;2,4;30;Innenstadt-03;öffentl./krit. Einrichtungen-10;Guss;
2955;1969;PE;100;;28,965272;5;2,1;6;Stadtrand-02;Wohngebiet-03;Kunststoff;
2957;2014;PE;100;;33,24519;4,3;2,1;6;Stadtrand-02;Wohngebiet-03;Kunststoff;
2958;1962;PE;100;;26,021161;4,1;1,9;6;Stadtrand-02;Wohngebiet-03;Kunststoff;
2959;1914;GG;100;;7,690087;4;1,9;30;Innenstadt-03;öffentl./krit. Einrichtungen-10;Guss;
2960;1969;PE;100;;28,965272;4,5;1,1;6;Stadtrand-02;Wohngebiet-03;Kunststoff;
2963;1957;PE;100;;23,655546;3,5;1,8;6;Stadtrand-02;Wohngebiet-03;Kunststoff;
2965;1994;PE;100;;33,24519;4,4;2,1;6;Stadtrand-02;Wohngebiet-03;Kunststoff;
2966;1994;PE;100;;33,24519;4,6;2;6;Stadtrand-02;Wohngebiet-03;Kunststoff;
2968;1989;PE;100;;33,234803;4,9;1,6;6;Stadtrand-02;Wohngebiet-03;Kunststoff;
2970;1960;PE;100;;25,094786;4,8;1,6;6;Stadtrand-02;Wohngebiet-03;Kunststoff;
2971;1973;PE;100;;30,374322;4,8;1,3;6;Stadtrand-02;Wohngebiet-03;Kunststoff;
2973;2007;PE;100;;33,24519;4,8;1;6;Stadtrand-02;Wohngebiet-03;Kunststoff;
2975;1990;PE;100;;33,24519;3,5;2,4;6;Stadtrand-02;Wohngebiet-03;Kunststoff;
2979;1954;GG;100;1975;128,335625;3,5;2,1;30;Innenstadt-03;öffentl./krit. Einrichtungen-10;Guss;
2980;1991;PE;100;;33,24519;4;1,3;6;Stadtrand-02;Wohngebiet-03;Kunststoff;
2981;1966;PE;100;;27,768717;4,5;1,5;9;Innenstadt-03;Wohngebiet-03;Kunststoff;
2982;1991;PE;100;;33,24519;4,3;2,4;9;Innenstadt-03;Wohngebiet-03;Kunststoff;
2983;1991;PE;100;;33,24519;4,9;1,2;9;Innenstadt-03;Wohngebiet-03;Kunststoff;
2984;1985;PE;100;;32,986474;4;1,3;9;Innenstadt-03;Wohngebiet-03;Kunststoff;
2985;2001;PE;100;;33,24519;4,3;1,5;9;Innenstadt-03;Wohngebiet-03;Kunststoff;
2988;1974;PE;100;;30,689178;3,8;1,3;9;Innenstadt-03;Wohngebiet-03;Kunststoff;
2989;1956;PE;100;;23,165407;3,5;1,1;9;Innenstadt-03;Wohngebiet-03;Kunststoff;
2990;1987;PE;100;;33,151819;4,7;1,4;9;Innenstadt-03;Wohngebiet-03;Kunststoff;
2991;1979;PE;100;;32,011576;4,5;1,9;9;Innenstadt-03;Wohngebiet-03;Kunststoff;
2994;2001;PE;100;;33,24519;4,7;1,5;9;Innenstadt-03;Wohngebiet-03;Kunststoff;
3000;1987;PE;100;;33,151819;4,4;1,8;9;Innenstadt-03;Wohngebiet-03;Kunststoff;
3001;1922;GG;100;1979;42,778542;4,3;2,2;30;Innenstadt-03;öffentl./krit. Einrichtungen-10;Guss;
3005;2003;PE;100;;33,24519;4,9;1,1;9;Innenstadt-03;Wohngebiet-03;Kunststoff;
3009;1972;PE;100;;30,043914;4,4;1,7;9;Innenstadt-03;Wohngebiet-03;Kunststoff;
3010;1955;PE;100;;22,67125;4,6;1,4;9;Innenstadt-03;Wohngebiet-03;Kunststoff;
3011;1990;PE;100;;33,24519;3,9;1,9;9;Innenstadt-03;Wohngebiet-03;Kunststoff;
3013;1966;PE;100;;27,768717;4,2;1,3;9;Innenstadt-03;Wohngebiet-03;Kunststoff;
3014;1953;PE;100;;21,673658;3,7;1,4;9;Innenstadt-03;Wohngebiet-03;Kunststoff;
3015;1976;PE;100;;31,270029;4,3;2,1;9;Innenstadt-03;Wohngebiet-03;Kunststoff;
3017;1992;PE;100;;33,24519;4;2,4;9;Innenstadt-03;Wohngebiet-03;Kunststoff;
3019;1961;PE;100;;25,561763;4,6;1,5;9;Innenstadt-03;Wohngebiet-03;Kunststoff;
3021;1998;PE;100;;33,24519;5;2,4;9;Innenstadt-03;Wohngebiet-03;Kunststoff;
3023;1982;PE;100;;32,586891;4,4;1,3;9;Innenstadt-03;Wohngebiet-03;Kunststoff;
3025;1945;GG;100;;25,158882;4,8;1,3;30;Innenstadt-03;öffentl./krit. Einrichtungen-10;Guss;
3026;1972;PE;100;;30,043914;4,7;2,3;9;Innenstadt-03;Wohngebiet-03;Kunststoff;
3027;1940;GG;100;;21,296534;3,7;1,1;30;Innenstadt-03;öffentl./krit. Einrichtungen-10;Guss;
3030;1960;PE;100;;25,094786;4,1;1,8;9;Innenstadt-03;Wohngebiet-03;Kunststoff;
3031;1956;GG;100;;122,756713;3,7;2,4;30;Innenstadt-03;öffentl./krit. Einrichtungen-10;Guss;
3033;1922;GG;100;2009;42,778542;4,1;1,7;30;Innenstadt-03;öffentl./krit. Einrichtungen-10;Guss;
3034;1991;PE;100;;33,24519;4,1;1,8;9;Innenstadt-03;Wohngebiet-03;Kunststoff;
3036;1936;GG;100;;86,025942;4,4;1,5;30;Innenstadt-03;öffentl./krit. Einrichtungen-10;Guss;
3037;1985;PE;100;;32,986474;3,9;2,1;9;Innenstadt-03;Wohngebiet-03;Kunststoff;
3038;1969;PE;100;;28,965272;4,5;2,5;9;Innenstadt-03;Wohngebiet-03;Kunststoff;
3039;2005;PE;100;;33,24519;4,7;2,1;9;Innenstadt-03;Wohngebiet-03;Kunststoff;
3040;1987;PE;100;;33,151819;4,8;2,1;9;Innenstadt-03;Wohngebiet-03;Kunststoff;
3042;1955;GG;100;;125,794409;4,3;1,2;30;Innenstadt-03;öffentl./krit. Einrichtungen-10;Guss;
3044;1917;GG;100;;8,070903;3,5;1,8;30;Innenstadt-03;öffentl./krit. Einrichtungen-10;Guss;
3046;1952;PE;100;;21,171588;3,9;1;9;Innenstadt-03;Wohngebiet-03;Kunststoff;
3047;1902;GG;100;2002;28,675314;5;1,8;9;Innenstadt-03;Wohngebiet-03;Guss;
3048;2000;PE;100;;33,24519;4,1;1;9;Innenstadt-03;Wohngebiet-03;Kunststoff;
3049;1928;GG;100;;44,228525;4,1;1,1;9;Innenstadt-03;Wohngebiet-03;Guss;
3050;1987;PE;100;;33,151819;3,5;2,1;9;Innenstadt-03;Wohngebiet-03;Kunststoff;
3052;1950;PE;100;;20,164227;4,4;1,6;9;Innenstadt-03;Wohngebiet-03;Kunststoff;
3054;1952;PE;100;;21,171588;4,8;1,3;9;Innenstadt-03;Wohngebiet-03;Kunststoff;
3055;1931;GG;100;;59,619472;4,1;2;9;Innenstadt-03;Wohngebiet-03;Guss;
3058;1996;PE;100;;33,24519;4,4;1,5;9;Innenstadt-03;Wohngebiet-03;Kunststoff;
3059;1907;GG;100;1986;33,039482;4,6;1,9;30;Innenstadt-03;öffentl./krit. Einrichtungen-10;Guss;
3062;1979;PE;100;;32,011576;4,7;1,1;9;Innenstadt-03;Wohngebiet-03;Kunststoff;
3064;1967;PE;100;;28,17958;3,6;2,1;9;Innenstadt-03;Wohngebiet-03;Kunststoff;
3065;1989;PE;100;;33,234803;3,7;2,1;9;Innenstadt-03;Wohngebiet-03;Kunststoff;
3068;1982;PE;100;;32,586891;3,9;2,3;9;Innenstadt-03;Wohngebiet-03;Kunststoff;
3069;1917;GG;100;;8,070903;4,1;2;30;Innenstadt-03;öffentl./krit. Einrichtungen-10;Guss;
3070;1958;PE;100;;24,140963;4,2;2,5;9;Innenstadt-03;Wohngebiet-03;Kunststoff;
3073;1951;PE;100;;20,668227;3,8;2,2;9;Innenstadt-03;Wohngebiet-03;Kunststoff;
3074;1934;GG;100;2002;75,287609;4;1;30;Innenstadt-03;öffentl./krit. Einrichtungen-10;Guss;
3075;1962;PE;100;;26,021161;3,5;1,7;9;Innenstadt-03;Wohngebiet-03;Kunststoff;
3077;2013;PE;100;;33,24519;4,5;1,2;9;Innenstadt-03;Wohngebiet-03;Kunststoff;
3078;1916;GG;100;2002;7,950743;4,8;1;30;Innenstadt-03;öffentl./krit. Einrichtungen-10;Guss;
3079;1939;GG;100;2008;20,325528;3,5;1,8;30;Innenstadt-03;öffentl./krit. Einrichtungen-10;Guss;
3080;1956;PE;100;;23,165407;4,1;2,1;9;Innenstadt-03;Wohngebiet-03;Kunststoff;
3081;1971;PE;100;;29,698531;3,6;2,3;9;Innenstadt-03;Wohngebiet-03;Kunststoff;
3082;1961;PE;100;;25,561763;3,8;2,2;9;Innenstadt-03;Wohngebiet-03;Kunststoff;
3083;1976;PE;100;;31,270029;3,6;1,4;9;Innenstadt-03;Wohngebiet-03;Kunststoff;
3084;2014;PE;100;;33,24519;5;1,4;9;Innenstadt-03;Wohngebiet-03;Kunststoff;
3085;1969;PE;100;;28,965272;3,7;1,5;9;Innenstadt-03;Wohngebiet-03;Kunststoff;
3090;1950;GG;100;1983;132,98076;4,1;1,7;30;Innenstadt-03;öffentl./krit. Einrichtungen-10;Guss;
3093;1972;PE;100;;30,043914;4;1;9;Innenstadt-03;Wohngebiet-03;Kunststoff;
3095;1987;PE;100;;33,151819;4,1;2,3;9;Innenstadt-03;Wohngebiet-03;Kunststoff;
3096;2013;PE;100;;33,24519;4;1;9;Innenstadt-03;Wohngebiet-03;Kunststoff;
3098;1958;PE;100;;24,140963;4,2;1,4;9;Innenstadt-03;Wohngebiet-03;Kunststoff;
3100;1951;GG;100;;132,685575;4,1;1,4;3;Innenstadt-03;Grünfläche-01;Guss;
3101;1910;GG;100;;35,494223;4,2;1,6;30;Innenstadt-03;öffentl./krit. Einrichtungen-10;Guss;
3104;1966;PE;100;;27,768717;5;2,3;9;Innenstadt-03;Wohngebiet-03;Kunststoff;
3105;2014;PE;100;;33,24519;4,7;2,5;30;Innenstadt-03;öffentl./krit. Einrichtungen-10;Kunststoff;
3106;1931;GG;100;;59,619472;4,9;2,2;30;Innenstadt-03;öffentl./krit. Einrichtungen-10;Guss;
3107;1896;GG;100;1968;23,321366;4,2;1,1;30;Innenstadt-03;öffentl./krit. Einrichtungen-10;Guss;
3108;1968;PE;100;;28,578655;4,3;2,2;30;Innenstadt-03;öffentl./krit. Einrichtungen-10;Kunststoff;
3109;1994;PE;100;;33,24519;3,6;1,9;30;Innenstadt-03;öffentl./krit. Einrichtungen-10;Kunststoff;
3110;1956;GG;100;1966;122,756713;5;1,6;30;Innenstadt-03;öffentl./krit. Einrichtungen-10;Guss;
3111;1984;PE;100;;32,873278;4;2;30;Innenstadt-03;öffentl./krit. Einrichtungen-10;Kunststoff;
3113;1958;GG;100;1983;115,351298;4,3;1,4;30;Innenstadt-03;öffentl./krit. Einrichtungen-10;Guss;
3115;1959;PE;100;;24,620947;4,6;2,5;30;Innenstadt-03;öffentl./krit. Einrichtungen-10;Kunststoff;
3117;1994;PE;100;;33,24519;4,2;2,4;30;Innenstadt-03;öffentl./krit. Einrichtungen-10;Kunststoff;
3122;1953;PE;100;;21,673658;4,5;2,5;9;Innenstadt-03;Wohngebiet-03;Kunststoff;
3123;1959;GG;100;;111,074868;5;2,5;30;Innenstadt-03;öffentl./krit. Einrichtungen-10;Guss;
3127;2001;PE;100;;33,24519;4,4;1,9;30;Innenstadt-03;öffentl./krit. Einrichtungen-10;Kunststoff;
3130;2009;PE;100;;33,24519;4;1,5;6;Stadtrand-02;Wohngebiet-03;Kunststoff;
3131;1976;PE;100;;31,270029;4,8;2,4;9;Innenstadt-03;Wohngebiet-03;Kunststoff;
3135;1989;PE;100;;33,234803;4,6;1,7;9;Innenstadt-03;Wohngebiet-03;Kunststoff;
3137;1971;PE;100;;29,698531;4,2;1,6;9;Innenstadt-03;Wohngebiet-03;Kunststoff;
3138;1986;PE;100;;33,079379;4,6;1,1;9;Innenstadt-03;Wohngebiet-03;Kunststoff;
3139;2006;PE;100;;33,24519;4,9;1,2;9;Innenstadt-03;Wohngebiet-03;Kunststoff;
3141;1915;GG;100;1968;7,823674;4,9;1,8;30;Innenstadt-03;öffentl./krit. Einrichtungen-10;Guss;
3142;1951;PE;100;;20,668227;3,8;1,2;9;Innenstadt-03;Wohngebiet-03;Kunststoff;
3145;1976;PE;100;;31,270029;3,7;2,2;9;Innenstadt-03;Wohngebiet-03;Kunststoff;
3147;1962;PE;100;;26,021161;5;1,7;6;Stadtrand-02;Wohngebiet-03;Kunststoff;
3148;2006;PE;100;;33,24519;5;2,2;6;Stadtrand-02;Wohngebiet-03;Kunststoff;
3149;1911;GG;100;1966;36,271656;3,9;1,3;30;Innenstadt-03;öffentl./krit. Einrichtungen-10;Guss;
3150;1946;GG;100;;128,335625;3,8;1,7;30;Innenstadt-03;öffentl./krit. Einrichtungen-10;Guss;
3152;1974;PE;100;;30,689178;4,2;2,3;6;Stadtrand-02;Wohngebiet-03;Kunststoff;
3153;1912;GG;100;1999;37,024956;4;1,4;30;Innenstadt-03;öffentl./krit. Einrichtungen-10;Guss;
3159;2003;PE;100;;33,24519;4,3;1,1;6;Stadtrand-02;Wohngebiet-03;Kunststoff;
3163;1957;PE;100;;23,655546;4,6;2,3;6;Stadtrand-02;Wohngebiet-03;Kunststoff;
3164;1982;PE;100;;32,586891;3,5;1;6;Stadtrand-02;Wohngebiet-03;Kunststoff;
3165;1983;PE;100;;32,740001;4,1;1;6;Stadtrand-02;Wohngebiet-03;Kunststoff;
3166;1980;PE;100;;32,222343;4,8;1,3;6;Stadtrand-02;Wohngebiet-03;Kunststoff;
3167;1944;GG;100;1969;24,551343;4,3;2;30;Innenstadt-03;öffentl./krit. Einrichtungen-10;Guss;
3168;2003;PE;100;;33,24519;4,9;1,3;6;Stadtrand-02;Wohngebiet-03;Kunststoff;
3169;1925;GG;100;1985;43,715524;4,3;1,6;30;Innenstadt-03;öffentl./krit. Einrichtungen-10;Guss;
3172;1925;GG;100;;43,715524;3,8;1,7;30;Innenstadt-03;öffentl./krit. Einrichtungen-10;Guss;
3173;1967;PE;100;;28,17958;4,6;2,4;6;Stadtrand-02;Wohngebiet-03;Kunststoff;
3174;1960;PE;100;;25,094786;4;1,4;6;Stadtrand-02;Wohngebiet-03;Kunststoff;
3175;1991;PE;100;;33,24519;4,6;1,5;6;Stadtrand-02;Wohngebiet-03;Kunststoff;
3176;1912;GG;100;;37,024956;3,7;1;30;Innenstadt-03;öffentl./krit. Einrichtungen-10;Guss;
3177;1968;PE;100;;28,578655;3,5;2,5;30;Innenstadt-03;öffentl./krit. Einrichtungen-10;Kunststoff;
3178;1986;PE;100;;33,079379;4;2,3;30;Innenstadt-03;öffentl./krit. Einrichtungen-10;Kunststoff;
3182;1952;PE;100;;21,171588;4,4;1,5;30;Innenstadt-03;öffentl./krit. Einrichtungen-10;Kunststoff;
3183;2009;PE;100;;33,24519;5;2,1;30;Innenstadt-03;öffentl./krit. Einrichtungen-10;Kunststoff;
3184;1938;GG;100;;96,563851;4,9;1,9;30;Innenstadt-03;öffentl./krit. Einrichtungen-10;Guss;
3187;1952;PE;100;;21,171588;4,5;1,3;30;Innenstadt-03;öffentl./krit. Einrichtungen-10;Kunststoff;
3188;1979;PE;100;;32,011576;4,3;2,3;30;Innenstadt-03;öffentl./krit. Einrichtungen-10;Kunststoff;
3190;1979;PE;100;;32,011576;3,5;1,8;30;Innenstadt-03;öffentl./krit. Einrichtungen-10;Kunststoff;
3191;1996;PE;100;;33,24519;4;1,3;30;Innenstadt-03;öffentl./krit. Einrichtungen-10;Kunststoff;
3193;2011;PE;100;;33,24519;4,6;1,3;30;Innenstadt-03;öffentl./krit. Einrichtungen-10;Kunststoff;
3194;1953;PE;100;;21,673658;4,4;1,8;30;Innenstadt-03;öffentl./krit. Einrichtungen-10;Kunststoff;
3196;1920;GG;100;;41,93147;4,3;2,3;30;Innenstadt-03;öffentl./krit. Einrichtungen-10;Guss;
3198;1927;GG;100;;44,105839;3,5;1,8;30;Innenstadt-03;öffentl./krit. Einrichtungen-10;Guss;
3199;2004;PE;100;;33,24519;3,6;2,2;30;Innenstadt-03;öffentl./krit. Einrichtungen-10;Kunststoff;
3201;1959;PE;100;;24,620947;4,8;1,4;30;Innenstadt-03;öffentl./krit. Einrichtungen-10;Kunststoff;
3202;1954;PE;100;;22,173771;4,1;2,5;30;Innenstadt-03;öffentl./krit. Einrichtungen-10;Kunststoff;
3203;1931;GG;100;;59,619472;4,4;1,5;30;Innenstadt-03;öffentl./krit. Einrichtungen-10;Guss;
3205;1990;PE;100;;33,24519;4,9;2,2;30;Innenstadt-03;öffentl./krit. Einrichtungen-10;Kunststoff;
3208;1954;PE;100;;22,173771;4,2;2,5;6;Stadtrand-02;Wohngebiet-03;Kunststoff;
3209;1956;GG;100;1967;122,756713;4,6;1,3;30;Innenstadt-03;öffentl./krit. Einrichtungen-10;Guss;
3210;1975;PE;100;;30,987924;4;1,3;6;Stadtrand-02;Wohngebiet-03;Kunststoff;
3212;1950;GG;100;;132,98076;3,7;1,7;30;Innenstadt-03;öffentl./krit. Einrichtungen-10;Guss;
3213;1963;PE;100;;26,472265;4,2;1,4;6;Stadtrand-02;Wohngebiet-03;Kunststoff;
3214;2002;PE;100;;33,24519;4,2;2;6;Stadtrand-02;Wohngebiet-03;Kunststoff;
3215;1905;GG;100;;31,323542;4;1,1;30;Innenstadt-03;öffentl./krit. Einrichtungen-10;Guss;
3216;1952;GG;100;;131,803947;5;1,6;30;Innenstadt-03;öffentl./krit. Einrichtungen-10;Guss;
3218;1969;PE;100;;28,965272;4,4;2,5;6;Stadtrand-02;Wohngebiet-03;Kunststoff;
3220;1924;GG;100;1963;43,449188;5;1;30;Innenstadt-03;öffentl./krit. Einrichtungen-10;Guss;
3221;1960;GG;100;;106,482669;3,8;1,7;30;Innenstadt-03;öffentl./krit. Einrichtungen-10;Guss;
3222;2002;PE;100;;33,24519;5;1,6;6;Stadtrand-02;Wohngebiet-03;Kunststoff;
3224;1975;PE;100;;30,987924;4,7;1,4;6;Stadtrand-02;Wohngebiet-03;Kunststoff;
3225;1959;PE;100;;24,620947;3,5;2,5;6;Stadtrand-02;Wohngebiet-03;Kunststoff;
3228;1951;PE;100;;20,668227;4,2;2,4;6;Stadtrand-02;Wohngebiet-03;Kunststoff;
3232;1959;PE;100;;24,620947;5;1,4;6;Stadtrand-02;Wohngebiet-03;Kunststoff;
3236;1959;PE;100;;24,620947;4;1,1;6;Stadtrand-02;Wohngebiet-03;Kunststoff;
3241;1954;GG;100;1968;128,335625;4,5;2,1;30;Innenstadt-03;öffentl./krit. Einrichtungen-10;Guss;
3242;1949;GG;100;1967;132,685575;4,1;1,5;30;Innenstadt-03;öffentl./krit. Einrichtungen-10;Guss;
3243;1890;GG;100;;18,223342;4,2;1,8;30;Innenstadt-03;öffentl./krit. Einrichtungen-10;Guss;
3244;2012;PE;100;;33,24519;4,2;1;6;Stadtrand-02;Wohngebiet-03;Kunststoff;
3245;1975;PE;100;;30,987924;4,3;1,7;6;Stadtrand-02;Wohngebiet-03;Kunststoff;
3246;1999;PE;100;;33,24519;4,6;1,4;6;Stadtrand-02;Wohngebiet-03;Kunststoff;
3247;1957;PE;100;;23,655546;3,7;1,5;6;Stadtrand-02;Wohngebiet-03;Kunststoff;
3248;1998;PE;100;;33,24519;3,8;1,7;6;Stadtrand-02;Wohngebiet-03;Kunststoff;
3249;2007;PE;100;;33,24519;4,9;2,5;6;Stadtrand-02;Wohngebiet-03;Kunststoff;
3250;1978;PE;100;;31,782318;4,2;1,3;6;Stadtrand-02;Wohngebiet-03;Kunststoff;
3251;1947;GG;100;1997;130,347565;4,3;1,7;30;Innenstadt-03;öffentl./krit. Einrichtungen-10;Guss;
3253;1947;GG;100;;130,347565;3,5;2,1;30;Innenstadt-03;öffentl./krit. Einrichtungen-10;Guss;
3254;1920;GG;100;1972;41,93147;4,1;1;30;Innenstadt-03;öffentl./krit. Einrichtungen-10;Guss;
3255;1973;PE;100;;30,374322;4,8;1;4;Stadtrand-02;Gewerbegebiet-02;Kunststoff;
3257;1968;PE;100;;28,578655;3,5;2,1;4;Stadtrand-02;Gewerbegebiet-02;Kunststoff;
3258;1941;GG;100;;22,214974;3,7;1;30;Innenstadt-03;öffentl./krit. Einrichtungen-10;Guss;
3259;1996;PE;100;;33,24519;3,5;1,8;4;Stadtrand-02;Gewerbegebiet-02;Kunststoff;
3260;1944;GG;100;;24,551343;4,7;1,7;30;Innenstadt-03;öffentl./krit. Einrichtungen-10;Guss;
3263;1999;PE;100;;33,24519;3,6;1,6;4;Stadtrand-02;Gewerbegebiet-02;Kunststoff;
3265;1902;GG;100;;28,675314;4,2;1,3;30;Innenstadt-03;öffentl./krit. Einrichtungen-10;Guss;
3266;1958;GG;100;2001;115,351298;4,8;2,3;30;Innenstadt-03;öffentl./krit. Einrichtungen-10;Guss;
3267;1994;PE;100;;33,24519;4;1,6;4;Stadtrand-02;Gewerbegebiet-02;Kunststoff;
3270;1974;PE;100;;30,689178;3,5;1,7;4;Stadtrand-02;Gewerbegebiet-02;Kunststoff;
3272;1907;GG;100;1992;33,039482;3,8;1,6;30;Innenstadt-03;öffentl./krit. Einrichtungen-10;Guss;
3274;1891;GG;100;;19,040955;3,9;1,8;30;Innenstadt-03;öffentl./krit. Einrichtungen-10;Guss;
3275;1937;GG;100;;91,345489;4,9;2,5;30;Innenstadt-03;öffentl./krit. Einrichtungen-10;Guss;
3276;1969;PE;100;;28,965272;4,6;2;4;Stadtrand-02;Gewerbegebiet-02;Kunststoff;
3278;1999;PE;100;;33,24519;4,5;2,5;4;Stadtrand-02;Gewerbegebiet-02;Kunststoff;
3279;1926;GG;100;;43,934649;4,7;1,1;30;Innenstadt-03;öffentl./krit. Einrichtungen-10;Guss;
3281;2011;PE;100;;33,24519;4,3;2,5;4;Stadtrand-02;Gewerbegebiet-02;Kunststoff;
3283;1981;PE;100;;32,414232;3,7;1,9;4;Stadtrand-02;Gewerbegebiet-02;Kunststoff;
3284;1937;GG;100;1966;91,345489;4,3;1,7;3;Innenstadt-03;Grünfläche-01;Guss;
3285;2002;PE;100;;33,24519;4,9;1,4;4;Stadtrand-02;Gewerbegebiet-02;Kunststoff;
3287;1959;PE;100;;24,620947;3,5;1,7;4;Stadtrand-02;Gewerbegebiet-02;Kunststoff;
3289;1933;GG;100;1995;69,964099;5;1,4;3;Innenstadt-03;Grünfläche-01;Guss;
3293;1960;PE;100;;25,094786;4,8;1,2;4;Stadtrand-02;Gewerbegebiet-02;Kunststoff;
3296;1898;GG;100;;25,09587;4,7;1,8;3;Innenstadt-03;Grünfläche-01;Guss;
3297;2001;PE;100;;33,24519;4,6;1,5;4;Stadtrand-02;Gewerbegebiet-02;Kunststoff;
3298;1961;PE;100;;25,561763;4,2;1,9;4;Stadtrand-02;Gewerbegebiet-02;Kunststoff;
3299;1994;PE;100;;33,24519;4,8;1,6;4;Stadtrand-02;Gewerbegebiet-02;Kunststoff;
3302;1919;GG;100;;41,445112;4,2;1,7;9;Innenstadt-03;Wohngebiet-03;Guss;
3303;1992;PE;100;;33,24519;4,8;1,2;4;Stadtrand-02;Gewerbegebiet-02;Kunststoff;
3307;1974;PE;100;;30,689178;4,2;2,1;4;Stadtrand-02;Gewerbegebiet-02;Kunststoff;
3310;1954;GG;100;1969;128,335625;4,9;1,8;9;Innenstadt-03;Wohngebiet-03;Guss;
3312;1961;PE;100;;25,561763;4;1,8;4;Stadtrand-02;Gewerbegebiet-02;Kunststoff;
3314;1988;PE;100;;33,20366;3,8;1;4;Stadtrand-02;Gewerbegebiet-02;Kunststoff;
3315;1968;PE;100;;28,578655;3,9;2,2;4;Stadtrand-02;Gewerbegebiet-02;Kunststoff;
