EID;AID;Schadensart;Schadensursache;DOI;Material;DOA;DOE3;Alter bei Schadenseintritt DOE3;;;
E_0003;2215;Riss;Korrosion / Alterung;1958;GG;0;1992;34;;; 
E_0007;1967;unbekannt;Frost;2014;PE;0;2014;0;;;
E_0009;2125;unbekannt;aggressiver Boden;1918;GG;0;2011;93;;;
E_0016;3101;Verbindung undicht;aggressiver Boden;1910;GG;0;1995;85;;;
E_0021;1903;Verbindung undicht;aggressiver Boden;1982;PE;0;1993;11;;;
E_0024;1625;Verbindung undicht;Verwurzelung;2007;PE;0;2009;2;;;
E_0025;2564;Verbindung undicht;Verwurzelung;1973;PE;0;1998;25;;;
E_0029;1577;Verbindung undicht;Frost;1943;GG;2013;2013;DOA;;;
E_0030;3307;Verbindung undicht;Frost;1974;PE;0;2010;36;;;
E_0033;3075;Verbindung undicht;Frost;1962;PE;0;2006;44;;;
E_0035;1593;Verbindung undicht;Frost;1916;GG;2012;2012;DOA;;;
E_0036;1671;Verbindung undicht;Frost;1927;GG;2009;2009;DOA;;;
E_0040;3145;Verbindung undicht;Frost;1976;PE;0;2001;25;;;
E_0042;1608;Verbindung undicht;Frost;1898;GG;1988;1988;DOA;;;
E_0043;1612;Verbindung undicht;Frost;1896;GG;2006;2006;DOA;;;
E_0044;2007;Verbindung undicht;Frost;1990;PE;0;1992;2;;;
E_0047;1764;Verbindung undicht;Frost;1936;GG;2014;2014;DOA;;;
E_0048;1637;Verbindung undicht;Frost;1890;GG;1968;1968;DOA;;;
E_0049;2713;Verbindung undicht;Frost;1930;GG;2003;2003;DOA;;;
E_0051;1803;Verbindung undicht;Frost;1913;GG;0;2009;96;;;
E_0054;2939;Verbindung undicht;Frost;1919;GG;1988;1988;DOA;;;
E_0055;1659;Verbindung undicht;Frost;1894;GG;0;2005;111;;;
E_0057;1669;Verbindung undicht;Frost;1937;GG;0;1996;59;;;
E_0058;1838;Verbindung undicht;Frost;1939;GG;0;2007;68;;;
E_0060;1951;Verbindung undicht;Frost;1956;GG;1979;1979;DOA;;;
E_0061;2636;Verbindung undicht;Frost;1982;PE;0;2013;31;;;
E_0063;1647;Verbindung undicht;Frost;1959;PE;0;1998;39;;;
E_0064;1669;Verbindung undicht;Frost;1937;GG;0;2011;74;;;
E_0065;1605;Verbindung undicht;Frost;1960;PE;0;1992;32;;;
E_0067;3148;Verbindung undicht;Frost;2006;PE;0;2006;0;;;
E_0068;2902;Verbindung undicht;Frost;1944;GG;0;2004;60;;;
E_0069;2691;Verbindung undicht;Frost;1913;GG;1985;1985;DOA;;;
E_0070;1671;Verbindung undicht;Frost;1927;GG;2009;2009;DOA;;;
E_0071;1966;Verbindung undicht;Frost;1949;GG;2008;2008;DOA;;;
E_0072;3276;Verbindung undicht;Frost;1969;PE;0;2004;35;;;
E_0075;2689;Verbindung undicht;Frost;1906;GG;0;2005;99;;;
E_0076;1982;Verbindung undicht;Frost;1950;GG;1971;1971;DOA;;;
E_0077;2717;Verbindung undicht;Frost;2015;PE;0;2015;0;;;
E_0078;2000;Verbindung undicht;Frost;1952;GG;0;2013;61;;;
E_0079;2509;Verbindung undicht;Frost;1960;GG;0;2013;53;;;
E_0080;1677;Verbindung undicht;Frost;1904;GG;0;2012;108;;;
E_0081;2535;Verbindung undicht;Frost;1965;PE;0;1990;25;;;
E_0082;3093;Verbindung undicht;Frost;1972;PE;0;2015;43;;;
E_0083;2079;Verbindung undicht;Frost;1927;GG;0;1996;69;;;
E_0084;2089;Verbindung undicht;Frost;1895;GG;0;2000;105;;;
E_0085;1679;Verbindung undicht;Frost;1951;GG;2001;2001;DOA;;;
E_0089;1735;Verbindung undicht;Frost;1897;GG;1973;1973;DOA;;;
E_0090;2908;Verbindung undicht;Frost;1974;PE;0;1993;19;;;
E_0095;3265;Verbindung undicht;Frost;1902;GG;0;2000;98;;;
E_0096;2225;Verbindung undicht;Frost;1912;GG;1966;1966;DOA;;;
E_0097;1681;Verbindung undicht;Frost;1921;GG;1989;1989;DOA;;;
E_0098;2874;Verbindung undicht;Frost;2003;PE;0;2007;4;;;
E_0099;2061;Verbindung undicht;Frost;1964;PE;0;2004;40;;;
E_0100;2264;Verbindung undicht;Frost;1910;GG;0;1998;88;;;
E_0101;3167;Verbindung undicht;Frost;1944;GG;1969;1969;DOA;;;
E_0103;2286;Verbindung undicht;Frost;1905;GG;1994;1994;DOA;;;
E_0105;2374;Verbindung undicht;Frost;1974;PE;0;2008;34;;;
E_0106;2596;Verbindung undicht;Frost;1973;PE;0;2016;43;;;
E_0107;2340;Verbindung undicht;Frost;1920;GG;0;1998;78;;;
E_0110;2054;Verbindung undicht;Frost;1895;GG;1977;1977;DOA;;;
E_0112;2368;Verbindung undicht;Frost;1926;GG;0;1993;67;;;
E_0113;2545;Verbindung undicht;Frost;1970;PE;0;2013;43;;;
E_0114;2391;Verbindung undicht;Frost;1949;GG;2011;2011;DOA;;;
E_0115;2963;Verbindung undicht;Frost;1957;PE;0;2004;47;;;
E_0118;1693;Verbindung undicht;Frost;1903;GG;0;2010;107;;;
E_0121;2348;Verbindung undicht;Frost;1904;GG;0;1993;89;;;
E_0127;1615;Verbindung undicht;Frost;1998;PE;0;2016;18;;;
E_0128;2547;Verbindung undicht;Frost;1911;GG;1997;1997;DOA;;;
E_0129;1713;Verbindung undicht;Frost;1931;GG;2015;2015;DOA;;;
E_0131;2527;Verbindung undicht;Frost;1979;PE;0;2004;25;;;
E_0133;2582;Verbindung undicht;Frost;1940;GG;2001;2001;DOA;;;
E_0135;1771;Verbindung undicht;Frost;1968;PE;0;2006;38;;;
E_0136;2199;Verbindung undicht;Frost;2009;PE;0;2009;0;;;
E_0137;1723;Verbindung undicht;Frost;1921;GG;0;2002;81;;;
E_0142;2628;Verbindung undicht;Frost;1959;GG;1981;1981;DOA;;;
E_0144;2678;Verbindung undicht;Frost;1952;GG;0;2014;62;;;
E_0145;2680;Verbindung undicht;Frost;1957;GG;2005;2005;DOA;;;
E_0146;2291;Verbindung undicht;Frost;1964;PE;0;2004;40;;;
E_0147;2684;Verbindung undicht;Fremdverursachung;1923;GG;0;1993;70;;;
E_0148;1725;Verbindung undicht;Fremdverursachung;1919;GG;1978;1978;DOA;;;
E_0155;1854;Verbindung undicht;Bodenbewegung;1977;PE;0;2007;30;;;
E_0157;1591;Verbindung undicht;Bodenbewegung;1966;PE;0;1994;28;;;
E_0158;2746;Verbindung undicht;Bodenbewegung;1917;GG;0;2000;83;;;
E_0159;3077;Verbindung undicht;Bodenbewegung;2013;PE;0;2017;4;;;
E_0161;1731;Verbindung undicht;Bodenbewegung;1934;GG;0;1991;57;;;
E_0162;2021;Verbindung undicht;Bodenbewegung;1959;PE;0;2013;54;;;
E_0164;3196;Verbindung undicht;Bodenbewegung;1920;GG;0;1995;75;;;
E_0165;1735;Verbindung undicht;Bodenbewegung;1897;GG;1973;1973;DOA;;;
E_0169;3165;Verbindung undicht;Bodenbewegung;1983;PE;0;1996;13;;;
E_0170;2829;Verbindung undicht;Bodenbewegung;1914;GG;1975;1975;DOA;;;
E_0172;1740;Verbindung undicht;Bodenbewegung;1892;GG;0;1995;103;;;
E_0173;2492;Verbindung undicht;Bodenbewegung;1973;PE;0;2007;34;;;
E_0174;2914;Verbindung undicht;Bodenbewegung;1977;PE;0;2014;37;;;
E_0175;1764;Verbindung undicht;Bodenbewegung;1936;GG;2014;2014;DOA;;;
E_0176;1767;Verbindung undicht;Bodenbewegung;1922;GG;0;2008;86;;;
E_0177;2939;Verbindung undicht;Bodenbewegung;1919;GG;1988;1988;DOA;;;
E_0178;2942;Verbindung undicht;Bodenbewegung;1939;GG;0;2007;68;;;
E_0179;3241;Verbindung undicht;Bodenbewegung;1954;GG;1968;1968;DOA;;;
E_0180;1827;Verbindung undicht;Bodenbewegung;1974;PE;0;1992;18;;;
E_0182;3027;Verbindung undicht;Bodenbewegung;1940;GG;0;1997;57;;;
E_0184;1780;Verbindung undicht;Bodenbewegung;1930;GG;2014;2014;DOA;;;
E_0185;2205;Verbindung undicht;Bodenbewegung;1939;GG;1970;1970;DOA;;;
E_0186;2806;Verbindung undicht;Bodenbewegung;1993;PE;0;1998;5;;;
E_0187;3212;Verbindung undicht;Bodenbewegung;1950;GG;0;2001;51;;;
E_0188;1713;Verbindung undicht;Bodenbewegung;1931;GG;2015;2015;DOA;;;
E_0191;3141;Verbindung undicht;Bodenbewegung;1915;GG;1968;1968;DOA;;;
E_0192;2990;Verbindung undicht;Bodenbewegung;1987;PE;0;1992;5;;;
E_0193;1798;Verbindung undicht;Bodenbewegung;1970;PE;0;2012;42;;;
E_0196;2739;Verbindung undicht;Bodenbewegung;1967;PE;0;1992;25;;;
E_0197;1785;Verbindung undicht;Bodenbewegung;1895;GG;2010;2010;DOA;;;
E_0199;3251;Verbindung undicht;Bodenbewegung;1947;GG;1997;1997;DOA;;;
E_0200;1803;Verbindung undicht;Bodenbewegung;1913;GG;0;2004;91;;;
E_0201;2826;Verbindung undicht;Bodenbewegung;1956;PE;0;1999;43;;;
E_0205;3289;Verbindung undicht;Bodenbewegung;1933;GG;1995;1995;DOA;;;
E_0208;3196;Verbindung undicht;Bodenbewegung;1920;GG;0;2011;91;;;
E_0212;1822;Verbindung undicht;Bodenbewegung;1960;GG;0;1992;32;;;
E_0214;1823;Verbindung undicht;Bodenbewegung;1899;GG;0;2005;106;;;
E_0217;2741;Verbindung undicht;Bodenbewegung;1935;GG;0;2008;73;;;
E_0218;1830;Verbindung undicht;Bodenbewegung;1960;GG;0;1992;32;;;
E_0223;1972;Verbindung undicht;Bodenbewegung;1941;GG;0;2015;74;;;
E_0226;2824;Verbindung undicht;Bodenbewegung;1986;PE;0;2011;25;;;
E_0227;1831;Verbindung undicht;Bodenbewegung;1933;GG;1984;1984;DOA;;;
E_0230;3052;Verbindung undicht;Bodenbewegung;1950;PE;0;1995;45;;;
E_0231;1833;Verbindung undicht;Bodenbewegung;1894;GG;1999;1999;DOA;;;
E_0234;2324;Verbindung undicht;Bodenbewegung;1936;GG;0;2006;70;;;
E_0236;1966;Verbindung undicht;Bodenbewegung;1949;GG;2008;2008;DOA;;;
E_0241;2528;Verbindung undicht;Bodenbewegung;1967;PE;0;1999;32;;;
E_0242;2606;Verbindung undicht;Bodenbewegung;1917;GG;1985;1985;DOA;;;
E_0243;1844;Verbindung undicht;Bodenbewegung;1994;PE;0;1999;5;;;
E_0245;2034;Verbindung undicht;Bodenbewegung;1987;PE;0;2000;13;;;
E_0246;2671;Verbindung undicht;Bodenbewegung;1959;GG;2009;2009;DOA;;;
E_0247;2553;Verbindung undicht;Bodenbewegung;1959;PE;0;2007;48;;;
E_0250;1671;Verbindung undicht;Bodenbewegung;1927;GG;2009;2009;DOA;;;
E_0257;2384;Verbindung undicht;Bodenbewegung;1994;PE;0;2003;9;;;
E_0261;2564;Verbindung undicht;Bodenbewegung;1973;PE;0;2011;38;;;
E_0262;1834;Verbindung undicht;Bodenbewegung;1912;GG;1962;1962;DOA;;;
E_0263;3049;Verbindung undicht;Bodenbewegung;1928;GG;0;2013;85;;;
E_0266;2845;Verbindung undicht;Korrosion / Alterung;1987;PE;0;1997;10;;;
E_0267;2213;Verbindung undicht;Korrosion / Alterung;1891;GG;1973;1973;DOA;;;
E_0270;3183;Verbindung undicht;Korrosion / Alterung;2009;PE;0;2017;8;;;
E_0272;1838;Verbindung undicht;Korrosion / Alterung;1939;GG;0;1994;55;;;
E_0279;2844;Verbindung undicht;Korrosion / Alterung;2015;PE;0;2016;1;;;
E_0283;2040;Verbindung undicht;Korrosion / Alterung;2012;PE;0;2013;1;;;
E_0284;3065;Verbindung undicht;Korrosion / Alterung;1989;PE;0;2000;11;;;
E_0288;2130;Verbindung undicht;Korrosion / Alterung;1958;GG;0;2015;57;;;
E_0289;2851;Verbindung undicht;Korrosion / Alterung;2000;PE;0;2000;0;;;
E_0293;2618;Verbindung undicht;Korrosion / Alterung;1922;GG;0;1994;72;;;
E_0294;3298;Verbindung undicht;Korrosion / Alterung;1961;PE;0;2010;49;;;
E_0295;2691;Verbindung undicht;Korrosion / Alterung;1913;GG;1985;1985;DOA;;;
E_0298;1839;Verbindung undicht;Korrosion / Alterung;1921;GG;0;1996;75;;;
E_0300;1841;Verbindung undicht;Korrosion / Alterung;1945;GG;1963;1963;DOA;;;
E_0303;1571;Verbindung undicht;Korrosion / Alterung;1978;PE;0;2005;27;;;
E_0304;2966;Verbindung undicht;Korrosion / Alterung;1994;PE;0;1997;3;;;
E_0305;2225;Verbindung undicht;Korrosion / Alterung;1912;GG;1966;1966;DOA;;;
E_0306;1858;Verbindung undicht;Korrosion / Alterung;1913;GG;1987;1987;DOA;;;
E_0307;2764;Verbindung undicht;Korrosion / Alterung;1954;PE;0;1997;43;;;
E_0311;2689;Verbindung undicht;Korrosion / Alterung;1906;GG;0;2007;101;;;
E_0315;1624;Verbindung undicht;Korrosion / Alterung;1906;GG;1987;1987;DOA;;;
E_0317;2552;Verbindung undicht;Korrosion / Alterung;1960;PE;0;2012;52;;;
E_0319;1851;Verbindung undicht;Korrosion / Alterung;1964;PE;0;2015;51;;;
E_0321;2694;Verbindung undicht;Korrosion / Alterung;1981;PE;0;2005;24;;;
E_0325;1869;Verbindung undicht;Korrosion / Alterung;1910;GG;1978;1978;DOA;;;
E_0328;2265;Verbindung undicht;Korrosion / Alterung;1954;PE;0;2000;46;;;
E_0330;1890;Verbindung undicht;Korrosion / Alterung;1928;GG;1999;1999;DOA;;;
E_0332;1900;Verbindung undicht;Korrosion / Alterung;1953;GG;1975;1975;DOA;;;
E_0334;2159;Verbindung undicht;Korrosion / Alterung;1961;PE;0;2013;52;;;
E_0336;1898;Verbindung undicht;Korrosion / Alterung;1942;GG;0;2012;70;;;
E_0339;3278;Verbindung undicht;Korrosion / Alterung;1999;PE;0;2008;9;;;
E_0340;2382;Verbindung undicht;Korrosion / Alterung;1975;PE;0;2007;32;;;
E_0344;3245;Verbindung undicht;Korrosion / Alterung;1975;PE;0;2003;28;;;
E_0345;1904;Verbindung undicht;Korrosion / Alterung;1943;GG;0;1996;53;;;
E_0346;1918;Verbindung undicht;Korrosion / Alterung;1892;GG;1975;1975;DOA;;;
E_0347;1929;Verbindung undicht;Korrosion / Alterung;1946;GG;0;2006;60;;;
E_0349;1935;Verbindung undicht;Korrosion / Alterung;1900;GG;0;2002;102;;;
E_0350;2264;Verbindung undicht;Korrosion / Alterung;1910;GG;0;1993;83;;;
E_0352;1952;Verbindung undicht;Korrosion / Alterung;1950;GG;0;2004;54;;;
E_0353;3187;Verbindung undicht;Korrosion / Alterung;1952;PE;0;1994;42;;;
E_0354;1740;Verbindung undicht;Korrosion / Alterung;1892;GG;0;1991;99;;;
E_0356;1958;Verbindung undicht;Korrosion / Alterung;1903;GG;2014;2014;DOA;;;
E_0364;2314;Verbindung undicht;Korrosion / Alterung;1997;PE;0;2014;17;;;
E_0372;2854;Verbindung undicht;Korrosion / Alterung;1930;GG;0;2002;72;;;
E_0376;1966;Verbindung undicht;Korrosion / Alterung;1949;GG;2008;2008;DOA;;;
E_0377;1907;Verbindung undicht;Korrosion / Alterung;1940;GG;0;2014;74;;;
E_0383;2778;Verbindung undicht;Korrosion / Alterung;1982;PE;0;1994;12;;;
E_0384;2379;Verbindung undicht;Korrosion / Alterung;1950;PE;0;2003;53;;;
E_0386;1971;Verbindung undicht;Korrosion / Alterung;1916;GG;2014;2014;DOA;;;
E_0388;1972;Verbindung undicht;Korrosion / Alterung;1941;GG;0;1992;51;;;
E_0391;1882;Verbindung undicht;Korrosion / Alterung;1985;PE;0;1996;11;;;
E_0393;2824;Verbindung undicht;Korrosion / Alterung;1986;PE;0;1999;13;;;
E_0394;1975;Verbindung undicht;Korrosion / Alterung;1954;GG;1998;1998;DOA;;;
E_0400;2236;Verbindung undicht;Korrosion / Alterung;1900;GG;1983;1983;DOA;;;
E_0401;2131;Verbindung undicht;Korrosion / Alterung;1987;PE;0;2002;15;;;
E_0406;2628;Verbindung undicht;Korrosion / Alterung;1959;GG;1981;1981;DOA;;;
E_0409;1980;Verbindung undicht;Korrosion / Alterung;1896;GG;1991;1991;DOA;;;
E_0411;1982;Verbindung undicht;Korrosion / Alterung;1950;GG;1971;1971;DOA;;;
E_0413;1712;Verbindung undicht;Korrosion / Alterung;1963;PE;0;2016;53;;;
E_0419;2933;Verbindung undicht;Korrosion / Alterung;1965;PE;0;2005;40;;;
E_0420;1992;Verbindung undicht;Korrosion / Alterung;1925;GG;1986;1986;DOA;;;
E_0427;1695;Verbindung undicht;Korrosion / Alterung;1960;PE;0;2008;48;;;
E_0431;2000;Verbindung undicht;Korrosion / Alterung;1952;GG;0;2005;53;;;
E_0432;2397;Verbindung undicht;Korrosion / Alterung;2014;PE;0;2015;1;;;
E_0434;2219;Verbindung undicht;Korrosion / Alterung;2015;PE;0;2016;1;;;
E_0437;1629;Verbindung undicht;Korrosion / Alterung;1961;PE;0;2016;55;;;
E_0438;3001;Verbindung undicht;Korrosion / Alterung;1922;GG;1979;1979;DOA;;;
E_0439;2662;Verbindung undicht;Korrosion / Alterung;1994;PE;0;1995;1;;;
E_0444;2028;Verbindung undicht;Korrosion / Alterung;1947;GG;2009;2009;DOA;;;
E_0448;2143;Verbindung undicht;Korrosion / Alterung;1973;PE;0;1991;18;;;
E_0449;2032;Verbindung undicht;Korrosion / Alterung;1934;GG;2013;2013;DOA;;;
E_0452;2616;Verbindung undicht;Korrosion / Alterung;1983;PE;0;2010;27;;;
E_0453;2975;Verbindung undicht;Korrosion / Alterung;1990;PE;0;2002;12;;;
E_0454;2037;Verbindung undicht;Korrosion / Alterung;1952;GG;0;1990;38;;;
E_0456;2076;Verbindung undicht;Korrosion / Alterung;1912;GG;1977;1977;DOA;;;
E_0458;2320;Verbindung undicht;Korrosion / Alterung;1934;GG;0;2009;75;;;
E_0459;2613;Verbindung undicht;Korrosion / Alterung;1894;GG;0;1991;97;;;
E_0464;2054;Verbindung undicht;Korrosion / Alterung;1895;GG;1977;1977;DOA;;;
E_0467;2079;Verbindung undicht;Korrosion / Alterung;1927;GG;0;2014;87;;;
E_0468;2776;Verbindung undicht;Korrosion / Alterung;1948;GG;0;1992;44;;;
E_0469;3025;Verbindung undicht;Korrosion / Alterung;1945;GG;0;2003;58;;;
E_0473;2089;Verbindung undicht;Korrosion / Alterung;1895;GG;0;2009;114;;;
E_0475;2322;Verbindung undicht;Korrosion / Alterung;1956;PE;0;2004;48;;;
E_0482;3187;Verbindung undicht;Korrosion / Alterung;1952;PE;0;2001;49;;;
E_0487;1792;Verbindung undicht;Korrosion / Alterung;1997;PE;0;2013;16;;;
E_0495;2688;Verbindung undicht;Korrosion / Alterung;1959;PE;0;2003;44;;;
E_0499;1831;Verbindung undicht;Korrosion / Alterung;1933;GG;1984;1984;DOA;;;
E_0502;1855;Verbindung undicht;Korrosion / Alterung;1915;GG;1982;1982;DOA;;;
E_0503;3040;Verbindung undicht;Korrosion / Alterung;1987;PE;0;1996;9;;;
E_0504;2408;Verbindung undicht;Korrosion / Alterung;1977;PE;0;1994;17;;;
E_0505;2125;Verbindung undicht;Korrosion / Alterung;1918;GG;0;1996;78;;;
E_0506;2666;Verbindung undicht;Korrosion / Alterung;1933;GG;0;2008;75;;;
E_0507;2136;Verbindung undicht;Korrosion / Alterung;1938;GG;0;2015;77;;;
E_0509;1669;Verbindung undicht;Korrosion / Alterung;1937;GG;0;1994;57;;;
E_0511;2150;Verbindung undicht;Korrosion / Alterung;1921;GG;1983;1983;DOA;;;
E_0513;2153;Verbindung undicht;Korrosion / Alterung;1925;GG;1988;1988;DOA;;;
E_0516;3225;Verbindung undicht;Korrosion / Alterung;1959;PE;0;2001;42;;;
E_0517;2357;Verbindung undicht;Korrosion / Alterung;1961;PE;0;2011;50;;;
E_0518;2154;Verbindung undicht;Korrosion / Alterung;1946;GG;0;1999;53;;;
E_0520;1615;Verbindung undicht;Korrosion / Alterung;1998;PE;0;2010;12;;;
E_0522;2157;Verbindung undicht;Korrosion / Alterung;1940;GG;0;2004;64;;;
E_0524;1743;Verbindung undicht;Korrosion / Alterung;1992;PE;0;2003;11;;;
E_0525;2158;Verbindung undicht;Korrosion / Alterung;1933;GG;1993;1993;DOA;;;
E_0526;3009;Verbindung undicht;Korrosion / Alterung;1972;PE;0;2011;39;;;
E_0527;2894;Verbindung undicht;Korrosion / Alterung;1903;GG;0;2010;107;;;
E_0528;2194;Verbindung undicht;Korrosion / Alterung;1914;GG;2000;2000;DOA;;;
E_0532;2182;Verbindung undicht;Korrosion / Alterung;1984;PE;0;1991;7;;;
E_0534;2067;Verbindung undicht;Korrosion / Alterung;1983;PE;0;2005;22;;;
E_0536;2202;Verbindung undicht;Korrosion / Alterung;1902;GG;1972;1972;DOA;;;
E_0537;2214;Verbindung undicht;Korrosion / Alterung;1931;GG;1963;1963;DOA;;;
E_0538;2215;Verbindung undicht;Korrosion / Alterung;1958;GG;0;2002;44;;;
E_0539;2245;Verbindung undicht;Korrosion / Alterung;2011;PE;0;2017;6;;;
E_0541;2686;Rohrbruch;aggressiver Boden;1984;PE;0;2007;23;;;
E_0543;1723;Rohrbruch;aggressiver Boden;1921;GG;0;1995;74;;;
E_0557;2225;Rohrbruch;Verwurzelung;1912;GG;1966;1966;DOA;;;
E_0558;2696;Rohrbruch;Verwurzelung;1985;PE;0;2000;15;;;
E_0561;3166;Rohrbruch;Verwurzelung;1980;PE;0;2005;25;;;
E_0567;2036;Rohrbruch;Verwurzelung;2003;PE;0;2013;10;;;
E_0568;2424;Rohrbruch;Verwurzelung;1919;GG;1992;1992;DOA;;;
E_0569;2230;Rohrbruch;Verwurzelung;1890;GG;1968;1968;DOA;;;
E_0570;2236;Rohrbruch;Verwurzelung;1900;GG;1983;1983;DOA;;;
E_0573;2694;Rohrbruch;Verwurzelung;1981;PE;0;2011;30;;;
E_0577;1683;Rohrbruch;Frost;1984;PE;0;2011;27;;;
E_0578;1574;Rohrbruch;Frost;1967;PE;0;1996;29;;;
E_0580;3244;Rohrbruch;Frost;2012;PE;0;2013;1;;;
E_0583;2254;Rohrbruch;Frost;1971;PE;0;2013;42;;;
E_0586;2202;Rohrbruch;Frost;1902;GG;1972;1972;DOA;;;
E_0587;3165;Rohrbruch;Frost;1983;PE;0;1990;7;;;
E_0591;1723;Rohrbruch;Frost;1921;GG;0;2010;89;;;
E_0595;2311;Rohrbruch;Frost;1980;PE;0;2009;29;;;
E_0596;2259;Rohrbruch;Frost;1933;GG;1983;1983;DOA;;;
E_0597;3209;Rohrbruch;Frost;1956;GG;1967;1967;DOA;;;
E_0598;1909;Rohrbruch;Frost;1953;PE;0;2013;60;;;
E_0601;1577;Rohrbruch;Frost;1943;GG;2013;2013;DOA;;;
E_0602;1581;Rohrbruch;Frost;1939;GG;1991;1991;DOA;;;
E_0603;1588;Rohrbruch;Frost;1960;GG;0;1994;34;;;
E_0604;1592;Rohrbruch;Frost;1907;GG;0;2001;94;;;
E_0605;1593;Rohrbruch;Frost;1916;GG;2012;2012;DOA;;;
E_0606;1596;Rohrbruch;Frost;1954;GG;1995;1995;DOA;;;
E_0607;1597;Rohrbruch;Frost;1954;GG;1985;1985;DOA;;;
E_0608;1608;Rohrbruch;Frost;1898;GG;1988;1988;DOA;;;
E_0609;1612;Rohrbruch;Frost;1896;GG;2006;2006;DOA;;;
E_0610;1624;Rohrbruch;Frost;1906;GG;1987;1987;DOA;;;
E_0611;1626;Rohrbruch;Frost;1934;GG;1963;1963;DOA;;;
E_0612;1637;Rohrbruch;Frost;1890;GG;1968;1968;DOA;;;
E_0613;1638;Rohrbruch;Frost;1920;GG;2013;2013;DOA;;;
E_0614;1649;Rohrbruch;Frost;1911;GG;1964;1964;DOA;;;
E_0615;1656;Rohrbruch;Frost;1912;GG;0;2002;90;;;
E_0616;1659;Rohrbruch;Frost;1894;GG;0;2009;115;;;
E_0617;1662;Rohrbruch;Frost;1933;GG;0;2014;81;;;
E_0618;1669;Rohrbruch;Frost;1937;GG;0;2001;64;;;
E_0619;1671;Rohrbruch;Frost;1927;GG;2009;2009;DOA;;;
E_0620;1673;Rohrbruch;Frost;1919;GG;0;1995;76;;;
E_0621;1674;Rohrbruch;Frost;1944;GG;0;1999;55;;;
E_0622;1675;Rohrbruch;Frost;1923;GG;0;2012;89;;;
E_0623;1677;Rohrbruch;Frost;1904;GG;0;1994;90;;;
E_0624;1678;Rohrbruch;Frost;1895;GG;0;1999;104;;;
E_0625;1679;Rohrbruch;Frost;1951;GG;2001;2001;DOA;;;
E_0626;1680;Rohrbruch;Frost;1903;GG;1963;1963;DOA;;;
E_0627;1681;Rohrbruch;Frost;1921;GG;1989;1989;DOA;;;
E_0628;1688;Rohrbruch;Frost;1916;GG;1978;1978;DOA;;;
E_0629;1692;Rohrbruch;Frost;1891;GG;0;2015;124;;;
E_0630;1693;Rohrbruch;Frost;1903;GG;0;2015;112;;;
E_0631;1698;Rohrbruch;Frost;1918;GG;0;2007;89;;;
E_0632;1713;Rohrbruch;Frost;1931;GG;2015;2015;DOA;;;
E_0633;1723;Rohrbruch;Frost;1921;GG;0;2010;89;;;
E_0634;1725;Rohrbruch;Frost;1919;GG;1978;1978;DOA;;;
E_0635;1731;Rohrbruch;Frost;1934;GG;0;2014;80;;;
E_0636;1733;Rohrbruch;Frost;1935;GG;1973;1973;DOA;;;
E_0637;1735;Rohrbruch;Frost;1897;GG;1973;1973;DOA;;;
E_0638;1740;Rohrbruch;Frost;1892;GG;0;2014;122;;;
E_0639;1746;Rohrbruch;Frost;1940;GG;0;2012;72;;;
E_0640;1747;Rohrbruch;Frost;1953;GG;0;2013;60;;;
E_0641;1748;Rohrbruch;Frost;1922;GG;1966;1966;DOA;;;
E_0642;1754;Rohrbruch;Frost;1959;GG;1979;1979;DOA;;;
E_0643;1756;Rohrbruch;Frost;1932;GG;2009;2009;DOA;;;
E_0644;1759;Rohrbruch;Frost;1952;GG;1977;1977;DOA;;;
E_0645;1763;Rohrbruch;Frost;1891;GG;0;2006;115;;;
E_0646;1764;Rohrbruch;Frost;1936;GG;2014;2014;DOA;;;
E_0647;1767;Rohrbruch;Frost;1922;GG;0;1990;68;;;
E_0648;1768;Rohrbruch;Frost;1920;GG;1971;1971;DOA;;;
E_0649;1780;Rohrbruch;Frost;1930;GG;2014;2014;DOA;;;
E_0650;1785;Rohrbruch;Frost;1895;GG;2010;2010;DOA;;;
E_0651;1791;Rohrbruch;Frost;1935;GG;0;1999;64;;;
E_0652;1803;Rohrbruch;Frost;1913;GG;0;1993;80;;;
E_0653;1807;Rohrbruch;Frost;1919;GG;0;2011;92;;;
E_0654;1822;Rohrbruch;Frost;1960;GG;0;2005;45;;;
E_0655;1823;Rohrbruch;Frost;1899;GG;0;2012;113;;;
E_0656;1830;Rohrbruch;Frost;1960;GG;0;2000;40;;;
E_0657;1831;Rohrbruch;Frost;1933;GG;1984;1984;DOA;;;
E_0658;1833;Rohrbruch;Frost;1894;GG;1999;1999;DOA;;;
E_0659;1834;Rohrbruch;Frost;1912;GG;1962;1962;DOA;;;
E_0660;1837;Rohrbruch;Frost;1907;GG;1960;1960;DOA;;;
E_0661;1838;Rohrbruch;Frost;1939;GG;0;1994;55;;;
E_0662;1839;Rohrbruch;Frost;1921;GG;0;2002;81;;;
E_0663;1841;Rohrbruch;Frost;1945;GG;1963;1963;DOA;;;
E_0664;1842;Rohrbruch;Frost;1929;GG;2001;2001;DOA;;;
E_0665;1852;Rohrbruch;Frost;1908;GG;0;2002;94;;;
E_0666;1855;Rohrbruch;Frost;1915;GG;1982;1982;DOA;;;
E_0667;1858;Rohrbruch;Frost;1913;GG;1987;1987;DOA;;;
E_0668;1869;Rohrbruch;Frost;1910;GG;1978;1978;DOA;;;
E_0669;1870;Rohrbruch;Frost;1913;GG;2006;2006;DOA;;;
E_0670;1876;Rohrbruch;Frost;1932;GG;0;1990;58;;;
E_0671;1881;Rohrbruch;Frost;1904;GG;0;2003;99;;;
E_0672;1886;Rohrbruch;Frost;1899;GG;0;2014;115;;;
E_0673;1888;Rohrbruch;Frost;1894;GG;0;2012;118;;;
E_0674;1890;Rohrbruch;Frost;1928;GG;1999;1999;DOA;;;
E_0675;1898;Rohrbruch;Frost;1942;GG;0;2007;65;;;
E_0676;1900;Rohrbruch;Frost;1953;GG;1975;1975;DOA;;;
E_0677;1904;Rohrbruch;Frost;1943;GG;0;1996;53;;;
E_0678;1907;Rohrbruch;Frost;1940;GG;0;1996;56;;;
E_0679;1918;Rohrbruch;Frost;1892;GG;1975;1975;DOA;;;
E_0680;1926;Rohrbruch;Frost;1932;GG;0;1999;67;;;
E_0681;1929;Rohrbruch;Frost;1946;GG;0;1999;53;;;
E_0682;1935;Rohrbruch;Frost;1900;GG;0;1990;90;;;
E_0683;1940;Rohrbruch;Frost;1945;GG;0;2003;58;;;
E_0684;1951;Rohrbruch;Frost;1956;GG;1979;1979;DOA;;;
E_0685;1952;Rohrbruch;Frost;1950;GG;0;2002;52;;;
E_0686;1953;Rohrbruch;Frost;1940;GG;2013;2013;DOA;;;
E_0687;1956;Rohrbruch;Frost;1916;GG;0;2011;95;;;
E_0688;1957;Rohrbruch;Frost;1892;GG;0;2003;111;;;
E_0689;1958;Rohrbruch;Frost;1903;GG;2014;2014;DOA;;;
E_0690;1966;Rohrbruch;Frost;1949;GG;2008;2008;DOA;;;
E_0691;1971;Rohrbruch;Frost;1916;GG;2014;2014;DOA;;;
E_0692;1972;Rohrbruch;Frost;1941;GG;0;2012;71;;;
E_0693;1975;Rohrbruch;Frost;1954;GG;1998;1998;DOA;;;
E_0694;1976;Rohrbruch;Frost;1922;GG;1992;1992;DOA;;;
E_0695;1980;Rohrbruch;Frost;1896;GG;1991;1991;DOA;;;
E_0696;1982;Rohrbruch;Frost;1950;GG;1971;1971;DOA;;;
E_0697;1992;Rohrbruch;Frost;1925;GG;1986;1986;DOA;;;
E_0698;2000;Rohrbruch;Frost;1952;GG;0;2015;63;;;
E_0699;2028;Rohrbruch;Frost;1947;GG;2009;2009;DOA;;;
E_0700;2031;Rohrbruch;Frost;1899;GG;1988;1988;DOA;;;
E_0701;2264;Rohrbruch;Frost;1910;GG;0;1992;82;;;
E_0706;2267;Rohrbruch;Frost;1918;GG;0;1998;80;;;
E_0708;2278;Rohrbruch;Frost;1897;GG;0;1999;102;;;
E_0709;2286;Rohrbruch;Frost;1905;GG;1994;1994;DOA;;;
E_0710;2313;Rohrbruch;Frost;1893;GG;1980;1980;DOA;;;
E_0714;2320;Rohrbruch;Frost;1934;GG;0;2011;77;;;
E_0717;2324;Rohrbruch;Frost;1936;GG;0;1990;54;;;
E_0721;2340;Rohrbruch;Frost;1920;GG;0;2014;94;;;
E_0723;2341;Rohrbruch;Frost;1914;GG;0;1997;83;;;
E_0726;2344;Rohrbruch;Frost;1941;GG;1988;1988;DOA;;;
E_0729;2359;Rohrbruch;Frost;1895;GG;0;2016;121;;;
E_0730;2362;Rohrbruch;Frost;1923;GG;0;2009;86;;;
E_0732;2368;Rohrbruch;Frost;1926;GG;0;2006;80;;;
E_0733;2376;Rohrbruch;Frost;1904;GG;0;2014;110;;;
E_0734;2391;Rohrbruch;Frost;1949;GG;2011;2011;DOA;;;
E_0736;2409;Rohrbruch;Frost;1923;GG;0;2012;89;;;
E_0737;2424;Rohrbruch;Frost;1919;GG;1992;1992;DOA;;;
E_0738;2427;Rohrbruch;Frost;1937;GG;2000;2000;DOA;;;
E_0739;2431;Rohrbruch;Frost;1932;GG;0;2016;84;;;
E_0741;2433;Rohrbruch;Frost;1958;GG;1980;1980;DOA;;;
E_0742;2441;Rohrbruch;Frost;1905;GG;0;2012;107;;;
E_0745;2448;Rohrbruch;Frost;1938;GG;0;2010;72;;;
E_0746;2477;Rohrbruch;Frost;1949;GG;0;2012;63;;;
E_0747;2479;Rohrbruch;Frost;1905;GG;1966;1966;DOA;;;
E_0749;2500;Rohrbruch;Frost;1917;GG;0;1998;81;;;
E_0754;2508;Rohrbruch;Frost;1914;GG;1972;1972;DOA;;;
E_0755;2518;Rohrbruch;Frost;1958;GG;1969;1969;DOA;;;
E_0756;2540;Rohrbruch;Frost;1948;GG;0;2013;65;;;
E_0763;2547;Rohrbruch;Frost;1911;GG;1997;1997;DOA;;;
E_0766;2556;Rohrbruch;Frost;1915;GG;1961;1961;DOA;;;
E_0772;2557;Rohrbruch;Frost;1899;GG;1965;1965;DOA;;;
E_0773;2559;Rohrbruch;Frost;1928;GG;1997;1997;DOA;;;
E_0774;2574;Rohrbruch;Frost;1946;GG;0;1991;45;;;
E_0775;2582;Rohrbruch;Frost;1940;GG;2001;2001;DOA;;;
E_0776;2603;Rohrbruch;Frost;1904;GG;0;2001;97;;;
E_0778;2607;Rohrbruch;Frost;1953;GG;1982;1982;DOA;;;
E_0779;2609;Rohrbruch;Frost;1936;GG;2011;2011;DOA;;;
E_0782;2613;Rohrbruch;Frost;1894;GG;0;2010;116;;;
E_0783;2615;Rohrbruch;Fremdverursachung;1940;GG;0;1990;50;;;
E_0784;2618;Rohrbruch;Fremdverursachung;1922;GG;0;2003;81;;;
E_0787;2619;Rohrbruch;Fremdverursachung;1902;GG;0;2012;110;;;
E_0788;2621;Rohrbruch;Fremdverursachung;1893;GG;0;1999;106;;;
E_0789;2628;Rohrbruch;Bodenbewegung;1959;GG;1981;1981;DOA;;;
E_0793;2634;Rohrbruch;Bodenbewegung;1914;GG;0;2013;99;;;
E_0795;2678;Rohrbruch;Bodenbewegung;1952;GG;0;1997;45;;;
E_0796;2680;Rohrbruch;Bodenbewegung;1957;GG;2005;2005;DOA;;;
E_0798;2682;Rohrbruch;Bodenbewegung;1934;GG;0;2016;82;;;
E_0799;2684;Rohrbruch;Bodenbewegung;1923;GG;0;1999;76;;;
E_1351;3183;Rohrbruch;Korrosion / Alterung;2009;PE;0;2011;2;;;
E_1352;3187;Rohrbruch;Korrosion / Alterung;1952;PE;0;2000;48;;;
E_1353;3188;Rohrbruch;Korrosion / Alterung;1979;PE;0;2013;34;;;
E_1354;3190;Rohrbruch;Korrosion / Alterung;1979;PE;0;1999;20;;;
E_1355;3191;Rohrbruch;Korrosion / Alterung;1996;PE;0;1998;2;;;
E_1356;3193;Rohrbruch;Korrosion / Alterung;2011;PE;0;2014;3;;;
E_1357;3194;Rohrbruch;Korrosion / Alterung;1953;PE;0;2015;62;;;
E_1358;3199;Rohrbruch;Korrosion / Alterung;2004;PE;0;2014;10;;;
E_1359;3201;Rohrbruch;Korrosion / Alterung;1959;PE;0;1996;37;;;
E_1360;3202;Rohrbruch;Korrosion / Alterung;1954;PE;0;2014;60;;;
E_1361;3205;Rohrbruch;Korrosion / Alterung;1990;PE;0;2012;22;;;
E_1362;3208;Rohrbruch;Korrosion / Alterung;1954;PE;0;2002;48;;;
E_1363;3210;Rohrbruch;Korrosion / Alterung;1975;PE;0;2001;26;;;
E_1364;3213;Rohrbruch;Korrosion / Alterung;1963;PE;0;2001;38;;;
E_1365;3214;Rohrbruch;Korrosion / Alterung;2002;PE;0;2011;9;;;
E_1366;3218;Rohrbruch;Korrosion / Alterung;1969;PE;0;2014;45;;;
E_1367;3222;Rohrbruch;Korrosion / Alterung;2002;PE;0;2014;12;;;
E_1368;3224;Rohrbruch;Korrosion / Alterung;1975;PE;0;1993;18;;;
E_1369;3225;Rohrbruch;Korrosion / Alterung;1959;PE;0;2000;41;;;
E_1370;3228;Rohrbruch;Korrosion / Alterung;1951;PE;0;2008;57;;;
E_1371;3232;Rohrbruch;Korrosion / Alterung;1959;PE;0;1995;36;;;
E_1372;3236;Rohrbruch;Korrosion / Alterung;1959;PE;0;2004;45;;;
E_1373;3244;Rohrbruch;Korrosion / Alterung;2012;PE;0;2015;3;;;
E_1374;3245;Rohrbruch;Korrosion / Alterung;1975;PE;0;2010;35;;;
E_1375;3246;Rohrbruch;Korrosion / Alterung;1999;PE;0;2002;3;;;
E_1376;3247;Rohrbruch;Korrosion / Alterung;1957;PE;0;2015;58;;;
E_1377;3248;Rohrbruch;Korrosion / Alterung;1998;PE;0;2004;6;;;
E_1378;3249;Rohrbruch;Korrosion / Alterung;2007;PE;0;2013;6;;;
E_1379;3250;Rohrbruch;Korrosion / Alterung;1978;PE;0;2009;31;;;
E_1380;3255;Rohrbruch;Korrosion / Alterung;1973;PE;0;1993;20;;;
E_1381;3257;Rohrbruch;Korrosion / Alterung;1968;PE;0;2005;37;;;
E_1382;3259;Rohrbruch;Korrosion / Alterung;1996;PE;0;2000;4;;;
E_1383;3263;Rohrbruch;Korrosion / Alterung;1999;PE;0;2000;1;;;
E_1384;3267;Rohrbruch;Korrosion / Alterung;1994;PE;0;1996;2;;;
E_1385;3270;Rohrbruch;Korrosion / Alterung;1974;PE;0;1999;25;;;
E_1386;3276;Rohrbruch;Korrosion / Alterung;1969;PE;0;2011;42;;;
E_1387;3278;Rohrbruch;Korrosion / Alterung;1999;PE;0;2009;10;;;
E_1388;3281;Rohrbruch;Korrosion / Alterung;2011;PE;0;2013;2;;;
E_1389;3283;Rohrbruch;Korrosion / Alterung;1981;PE;0;2007;26;;;
E_1390;3285;Rohrbruch;Korrosion / Alterung;2002;PE;0;2014;12;;;
E_1391;3287;Rohrbruch;Korrosion / Alterung;1959;PE;0;1997;38;;;
E_1392;3293;Rohrbruch;Korrosion / Alterung;1960;PE;0;2016;56;;;
E_1393;3297;Rohrbruch;Korrosion / Alterung;2001;PE;0;2016;15;;;
E_1394;3298;Rohrbruch;Korrosion / Alterung;1961;PE;0;2005;44;;;
E_1395;3299;Rohrbruch;Korrosion / Alterung;1994;PE;0;2011;17;;;
E_1396;3303;Rohrbruch;Korrosion / Alterung;1992;PE;0;1998;6;;;
E_1397;3307;Rohrbruch;Korrosion / Alterung;1974;PE;0;2002;28;;;
E_1398;3312;Rohrbruch;Korrosion / Alterung;1961;PE;0;1996;35;;;
E_1399;3314;Rohrbruch;Korrosion / Alterung;1988;PE;0;2013;25;;;
E_1400;3315;Rohrbruch;Korrosion / Alterung;1968;PE;0;2012;44;;;
E_1402;2691;Rohrbruch;Korrosion / Alterung;1913;GG;1985;1985;DOA;;;
E_1404;2702;Rohrbruch;Korrosion / Alterung;1912;GG;2009;2009;DOA;;;
E_1405;2704;Rohrbruch;Korrosion / Alterung;1939;GG;1997;1997;DOA;;;
E_1407;2712;Rohrbruch;Korrosion / Alterung;1910;GG;0;2002;92;;;
E_1409;2720;Rohrbruch;Korrosion / Alterung;1960;GG;0;2010;50;;;
E_1411;2721;Rohrbruch;Korrosion / Alterung;1941;GG;1962;1962;DOA;;;
E_1412;2722;Rohrbruch;Korrosion / Alterung;1958;GG;1994;1994;DOA;;;
E_1413;2724;Rohrbruch;Korrosion / Alterung;1919;GG;0;2006;87;;;
E_1415;2735;Rohrbruch;Korrosion / Alterung;1929;GG;1970;1970;DOA;;;
E_1416;2741;Rohrbruch;Korrosion / Alterung;1935;GG;0;1992;57;;;
E_1418;2746;Rohrbruch;Korrosion / Alterung;1917;GG;0;2012;95;;;
E_1419;2756;Rohrbruch;Korrosion / Alterung;1914;GG;1996;1996;DOA;;;
E_1420;2773;Rohrbruch;Korrosion / Alterung;1903;GG;1985;1985;DOA;;;
E_1426;2774;Rohrbruch;Korrosion / Alterung;1911;GG;0;1990;79;;;
E_1427;2775;Rohrbruch;Korrosion / Alterung;1946;GG;0;1999;53;;;
E_1429;2782;Rohrbruch;Korrosion / Alterung;1893;GG;2014;2014;DOA;;;
E_1431;2785;Rohrbruch;Korrosion / Alterung;1952;GG;1970;1970;DOA;;;
E_1441;2796;Rohrbruch;Korrosion / Alterung;1890;GG;1982;1982;DOA;;;
E_1443;2802;Rohrbruch;Korrosion / Alterung;1958;GG;1975;1975;DOA;;;
E_1446;2804;Rohrbruch;Korrosion / Alterung;1949;GG;1984;1984;DOA;;;
E_1447;2805;Rohrbruch;Korrosion / Alterung;1929;GG;0;2001;72;;;
E_1449;2808;Rohrbruch;Korrosion / Alterung;1957;GG;0;1994;37;;;
E_1450;2829;Rohrbruch;Korrosion / Alterung;1914;GG;1975;1975;DOA;;;
E_1452;2846;Rohrbruch;Korrosion / Alterung;1909;GG;1979;1979;DOA;;;
E_1454;2881;Rohrbruch;Korrosion / Alterung;1906;GG;1970;1970;DOA;;;
E_1455;2891;Rohrbruch;Korrosion / Alterung;1907;GG;1970;1970;DOA;;;
E_1459;2894;Rohrbruch;Korrosion / Alterung;1903;GG;0;2014;111;;;
E_1460;2900;Rohrbruch;Korrosion / Alterung;1912;GG;2006;2006;DOA;;;
E_1461;2924;Rohrbruch;Korrosion / Alterung;1913;GG;1969;1969;DOA;;;
E_1465;2939;Rohrbruch;Korrosion / Alterung;1919;GG;1988;1988;DOA;;;
E_1466;2942;Rohrbruch;Korrosion / Alterung;1939;GG;0;1992;53;;;
E_1467;2952;Rohrbruch;Korrosion / Alterung;1896;GG;0;2008;112;;;
E_1471;2954;Rohrbruch;Korrosion / Alterung;1948;GG;0;2013;65;;;
E_1473;2959;Rohrbruch;Korrosion / Alterung;1914;GG;0;1992;78;;;
E_1474;3027;Rohrbruch;Korrosion / Alterung;1940;GG;0;2012;72;;;
E_1479;3036;Rohrbruch;Korrosion / Alterung;1936;GG;0;2006;70;;;
E_1482;3044;Rohrbruch;Korrosion / Alterung;1917;GG;0;2007;90;;;
E_1483;3059;Rohrbruch;Korrosion / Alterung;1907;GG;1986;1986;DOA;;;
E_1484;3074;Rohrbruch;Korrosion / Alterung;1934;GG;2002;2002;DOA;;;
E_1488;3079;Rohrbruch;Korrosion / Alterung;1939;GG;2008;2008;DOA;;;
E_1490;3101;Rohrbruch;Korrosion / Alterung;1910;GG;0;1994;84;;;
E_1492;3107;Rohrbruch;Korrosion / Alterung;1896;GG;1968;1968;DOA;;;
E_1493;3123;Rohrbruch;Korrosion / Alterung;1959;GG;0;2008;49;;;
E_1497;3141;Rohrbruch;Korrosion / Alterung;1915;GG;1968;1968;DOA;;;
E_1502;3184;Rohrbruch;Korrosion / Alterung;1938;GG;0;1991;53;;;
E_1505;3196;Rohrbruch;Korrosion / Alterung;1920;GG;0;1992;72;;;
E_1507;3198;Rohrbruch;Korrosion / Alterung;1927;GG;0;2000;73;;;
E_1508;3203;Rohrbruch;Korrosion / Alterung;1931;GG;0;2009;78;;;
E_1513;3212;Rohrbruch;Korrosion / Alterung;1950;GG;0;1993;43;;;
E_1515;3220;Rohrbruch;Korrosion / Alterung;1924;GG;1963;1963;DOA;;;
E_1517;3242;Rohrbruch;Korrosion / Alterung;1949;GG;1967;1967;DOA;;;
E_1518;3251;Rohrbruch;Korrosion / Alterung;1947;GG;1997;1997;DOA;;;
E_1519;3254;Rohrbruch;Korrosion / Alterung;1920;GG;1972;1972;DOA;;;
E_1521;3260;Rohrbruch;Korrosion / Alterung;1944;GG;0;2012;68;;;
E_1524;3265;Rohrbruch;Korrosion / Alterung;1902;GG;0;2009;107;;;
E_1525;3266;Rohrbruch;Korrosion / Alterung;1958;GG;2001;2001;DOA;;;
E_1528;3274;Rohrbruch;Korrosion / Alterung;1891;GG;0;2004;113;;;
E_1529;3289;Rohrbruch;Korrosion / Alterung;1933;GG;1995;1995;DOA;;;
E_1530;3296;Rohrbruch;Korrosion / Alterung;1898;GG;0;1996;98;;;
E_1532;1577;Rohrbruch;Korrosion / Alterung;1943;GG;2013;2013;DOA;;;
E_1533;1593;Rohrbruch;Korrosion / Alterung;1916;GG;2012;2012;DOA;;;
E_1534;1608;Rohrbruch;Korrosion / Alterung;1898;GG;1988;1988;DOA;;;
E_1535;1612;Rohrbruch;Korrosion / Alterung;1896;GG;2006;2006;DOA;;;
E_1536;1637;Rohrbruch;Korrosion / Alterung;1890;GG;1968;1968;DOA;;;
E_1537;1659;Rohrbruch;Korrosion / Alterung;1894;GG;0;1993;99;;;
E_1539;1669;Rohrbruch;Korrosion / Alterung;1937;GG;0;1990;53;;;
E_1540;1671;Rohrbruch;Korrosion / Alterung;1927;GG;2009;2009;DOA;;;
E_1541;1677;Rohrbruch;Korrosion / Alterung;1904;GG;0;2007;103;;;
E_1543;1679;Rohrbruch;Korrosion / Alterung;1951;GG;2001;2001;DOA;;;
E_1546;1681;Rohrbruch;Korrosion / Alterung;1921;GG;1989;1989;DOA;;;
E_1550;1693;Rohrbruch;Korrosion / Alterung;1903;GG;0;2000;97;;;
E_1551;2324;Rohrbruch;Korrosion / Alterung;1936;GG;0;2010;74;;;
E_1552;2330;Rohrbruch;Korrosion / Alterung;1950;GG;2009;2009;DOA;;;
E_1553;2340;Rohrbruch;Korrosion / Alterung;1920;GG;0;2007;87;;;
E_1554;2341;Rohrbruch;Korrosion / Alterung;1914;GG;0;2013;99;;;
E_1555;2344;Rohrbruch;Korrosion / Alterung;1941;GG;1988;1988;DOA;;;
E_1556;2348;Rohrbruch;Korrosion / Alterung;1904;GG;0;1995;91;;;
E_1557;2358;Rohrbruch;Korrosion / Alterung;1910;GG;0;2009;99;;;
E_1558;2359;Rohrbruch;Korrosion / Alterung;1895;GG;0;1997;102;;;
E_1559;2362;Rohrbruch;Korrosion / Alterung;1923;GG;0;1992;69;;;
E_1560;2367;Rohrbruch;Korrosion / Alterung;1939;GG;0;2005;66;;;
E_1561;2368;Rohrbruch;Korrosion / Alterung;1926;GG;0;1998;72;;;
E_1562;2373;Rohrbruch;Korrosion / Alterung;1942;GG;0;2005;63;;;
E_1563;2376;Rohrbruch;Korrosion / Alterung;1904;GG;0;2010;106;;;
E_1564;2377;Rohrbruch;Korrosion / Alterung;1902;GG;0;1993;91;;;
E_1565;2380;Rohrbruch;Korrosion / Alterung;1909;GG;0;2000;91;;;
E_1566;2391;Rohrbruch;Korrosion / Alterung;1949;GG;2011;2011;DOA;;;
E_1567;2405;Rohrbruch;Korrosion / Alterung;1892;GG;0;1999;107;;;
E_1568;2409;Rohrbruch;Korrosion / Alterung;1923;GG;0;1995;72;;;
E_1569;2410;Rohrbruch;Korrosion / Alterung;1934;GG;1989;1989;DOA;;;
E_1570;2412;Rohrbruch;Korrosion / Alterung;1892;GG;0;2001;109;;;
E_1571;2421;Rohrbruch;Korrosion / Alterung;1952;GG;1980;1980;DOA;;;
E_1572;2424;Rohrbruch;Korrosion / Alterung;1919;GG;1992;1992;DOA;;;
E_1573;2427;Rohrbruch;Korrosion / Alterung;1937;GG;2000;2000;DOA;;;
E_1574;2431;Rohrbruch;Korrosion / Alterung;1932;GG;0;2001;69;;;
E_1575;2433;Rohrbruch;Korrosion / Alterung;1958;GG;1980;1980;DOA;;;
E_1576;2437;Rohrbruch;Korrosion / Alterung;1926;GG;1974;1974;DOA;;;
E_1577;2441;Rohrbruch;Korrosion / Alterung;1905;GG;0;2006;101;;;
E_1578;2445;Rohrbruch;Korrosion / Alterung;1914;GG;0;2014;100;;;
E_1579;2448;Rohrbruch;Korrosion / Alterung;1938;GG;0;1993;55;;;
E_1580;2477;Rohrbruch;Korrosion / Alterung;1949;GG;0;1999;50;;;
E_1581;2479;Rohrbruch;Korrosion / Alterung;1905;GG;1966;1966;DOA;;;
E_1582;2497;Rohrbruch;Korrosion / Alterung;1945;GG;0;1990;45;;;
E_1583;2498;Rohrbruch;Korrosion / Alterung;1899;GG;1960;1960;DOA;;;
E_1584;2500;Rohrbruch;Korrosion / Alterung;1917;GG;0;2008;91;;;
E_1585;2508;Rohrbruch;Korrosion / Alterung;1914;GG;1972;1972;DOA;;;
E_1586;2509;Rohrbruch;Korrosion / Alterung;1960;GG;0;2001;41;;;
E_1587;2515;Rohrbruch;Korrosion / Alterung;1912;GG;1963;1963;DOA;;;
E_1588;2518;Rohrbruch;Korrosion / Alterung;1958;GG;1969;1969;DOA;;;
E_1589;2525;Rohrbruch;Korrosion / Alterung;1897;GG;1993;1993;DOA;;;
E_1590;2532;Rohrbruch;Korrosion / Alterung;1941;GG;1991;1991;DOA;;;
E_1591;2538;Rohrbruch;Korrosion / Alterung;1931;GG;0;2016;85;;;
E_1592;2540;Rohrbruch;Korrosion / Alterung;1948;GG;0;2006;58;;;
E_1593;2547;Rohrbruch;Korrosion / Alterung;1911;GG;1997;1997;DOA;;;
E_1594;2554;Rohrbruch;Korrosion / Alterung;1891;GG;0;1993;102;;;
E_1595;2556;Rohrbruch;Korrosion / Alterung;1915;GG;1961;1961;DOA;;;
E_1596;2557;Rohrbruch;Korrosion / Alterung;1899;GG;1965;1965;DOA;;;
E_1597;2559;Rohrbruch;Korrosion / Alterung;1928;GG;1997;1997;DOA;;;
E_1598;2574;Rohrbruch;Korrosion / Alterung;1946;GG;0;2012;66;;;
E_1599;2579;Rohrbruch;Korrosion / Alterung;1918;GG;0;1999;81;;;
E_1600;2582;Rohrbruch;Korrosion / Alterung;1940;GG;2001;2001;DOA;;;
E_1601;2585;Rohrbruch;Korrosion / Alterung;1930;GG;0;2005;75;;;
E_1602;2603;Rohrbruch;Korrosion / Alterung;1904;GG;0;2005;101;;;
E_1603;2606;Rohrbruch;Korrosion / Alterung;1917;GG;1985;1985;DOA;;;
E_1604;2607;Rohrbruch;Korrosion / Alterung;1953;GG;1982;1982;DOA;;;
E_1605;2609;Rohrbruch;Korrosion / Alterung;1936;GG;2011;2011;DOA;;;
E_1606;2613;Rohrbruch;Korrosion / Alterung;1894;GG;0;1990;96;;;
E_1607;2615;Rohrbruch;Korrosion / Alterung;1940;GG;0;1992;52;;;
E_1608;2618;Rohrbruch;Korrosion / Alterung;1922;GG;0;2001;79;;;
E_1609;2619;Rohrbruch;Korrosion / Alterung;1902;GG;0;2011;109;;;
E_1610;2621;Rohrbruch;Korrosion / Alterung;1893;GG;0;1991;98;;;
E_1611;2622;Rohrbruch;Korrosion / Alterung;1953;GG;0;2015;62;;;
E_1612;2628;Rohrbruch;Korrosion / Alterung;1959;GG;1981;1981;DOA;;;
E_1613;2634;Rohrbruch;Korrosion / Alterung;1914;GG;0;2014;100;;;
E_1614;2666;Rohrbruch;Korrosion / Alterung;1933;GG;0;2008;75;;;
E_1615;2667;Rohrbruch;Korrosion / Alterung;1958;GG;1981;1981;DOA;;;
E_1616;2671;Rohrbruch;Korrosion / Alterung;1959;GG;2009;2009;DOA;;;
E_1617;2673;Rohrbruch;Korrosion / Alterung;1958;GG;0;2000;42;;;
E_1618;2677;Rohrbruch;Korrosion / Alterung;1949;GG;0;1996;47;;;
E_1619;2678;Rohrbruch;Korrosion / Alterung;1952;GG;0;2013;61;;;
E_1620;2680;Rohrbruch;Korrosion / Alterung;1957;GG;2005;2005;DOA;;;
E_1621;2682;Rohrbruch;Korrosion / Alterung;1934;GG;0;1990;56;;;
E_1622;2684;Rohrbruch;Korrosion / Alterung;1923;GG;0;2001;78;;;
E_1623;2689;Rohrbruch;Korrosion / Alterung;1906;GG;0;2009;103;;;
E_1624;2691;Rohrbruch;Korrosion / Alterung;1913;GG;1985;1985;DOA;;;
E_1625;2695;Rohrbruch;Korrosion / Alterung;1939;GG;0;2011;72;;;
E_1626;2701;Rohrbruch;Korrosion / Alterung;1946;GG;2014;2014;DOA;;;
E_1627;2702;Rohrbruch;Korrosion / Alterung;1912;GG;2009;2009;DOA;;;
E_1628;2704;Rohrbruch;Korrosion / Alterung;1939;GG;1997;1997;DOA;;;
E_1629;2710;Rohrbruch;Korrosion / Alterung;1932;GG;0;2012;80;;;
E_1630;2711;Rohrbruch;Korrosion / Alterung;1928;GG;1963;1963;DOA;;;
E_1631;2712;Rohrbruch;Korrosion / Alterung;1910;GG;0;2002;92;;;
E_1632;2713;Rohrbruch;Korrosion / Alterung;1930;GG;2003;2003;DOA;;;
E_1633;2715;Rohrbruch;Korrosion / Alterung;1890;GG;2012;2012;DOA;;;
E_1634;2720;Rohrbruch;Korrosion / Alterung;1960;GG;0;2013;53;;;
E_1635;2721;Rohrbruch;Korrosion / Alterung;1941;GG;1962;1962;DOA;;;
E_1636;2722;Rohrbruch;Korrosion / Alterung;1958;GG;1994;1994;DOA;;;
E_1637;2724;Rohrbruch;Korrosion / Alterung;1919;GG;0;2013;94;;;
E_1638;2735;Rohrbruch;Korrosion / Alterung;1929;GG;1970;1970;DOA;;;
E_1639;2741;Rohrbruch;Korrosion / Alterung;1935;GG;0;1999;64;;;
E_1640;2746;Rohrbruch;Korrosion / Alterung;1917;GG;0;1997;80;;;
E_1641;2752;Rohrbruch;Korrosion / Alterung;1950;GG;0;1990;40;;;
E_1642;2756;Rohrbruch;Korrosion / Alterung;1914;GG;1996;1996;DOA;;;
E_1643;2757;Rohrbruch;Korrosion / Alterung;1891;GG;1990;1990;DOA;;;
E_1644;2763;Rohrbruch;Korrosion / Alterung;1909;GG;1983;1983;DOA;;;
E_1645;2773;Rohrbruch;Korrosion / Alterung;1903;GG;1985;1985;DOA;;;
E_1646;2774;Rohrbruch;Korrosion / Alterung;1911;GG;0;2009;98;;;
E_1647;2775;Rohrbruch;Korrosion / Alterung;1946;GG;0;2010;64;;;
E_1648;2776;Rohrbruch;Korrosion / Alterung;1948;GG;0;1994;46;;;
E_1649;2782;Rohrbruch;Korrosion / Alterung;1893;GG;2014;2014;DOA;;;
E_1650;2785;Rohrbruch;Korrosion / Alterung;1952;GG;1970;1970;DOA;;;
E_1651;2788;Rohrbruch;Korrosion / Alterung;1912;GG;1970;1970;DOA;;;
E_1652;2789;Rohrbruch;Korrosion / Alterung;1900;GG;0;1994;94;;;
E_1653;2792;Rohrbruch;Korrosion / Alterung;1916;GG;1960;1960;DOA;;;
E_1654;2796;Rohrbruch;Korrosion / Alterung;1890;GG;1982;1982;DOA;;;
E_1655;2802;Rohrbruch;Korrosion / Alterung;1958;GG;1975;1975;DOA;;;
E_1656;2804;Rohrbruch;Korrosion / Alterung;1949;GG;1984;1984;DOA;;;
E_1657;2805;Rohrbruch;Korrosion / Alterung;1929;GG;0;1998;69;;;
E_1658;2808;Rohrbruch;Korrosion / Alterung;1957;GG;0;2014;57;;;
E_1659;2812;Rohrbruch;Korrosion / Alterung;1904;GG;0;1993;89;;;
E_1660;2825;Rohrbruch;Korrosion / Alterung;1923;GG;2005;2005;DOA;;;
E_1661;2829;Rohrbruch;Korrosion / Alterung;1914;GG;1975;1975;DOA;;;
E_1662;2832;Rohrbruch;Korrosion / Alterung;1919;GG;0;2007;88;;;
E_1663;2837;Rohrbruch;Korrosion / Alterung;1923;GG;2012;2012;DOA;;;
E_1664;2846;Rohrbruch;Korrosion / Alterung;1909;GG;1979;1979;DOA;;;
E_1665;2849;Rohrbruch;Korrosion / Alterung;1959;GG;0;2009;50;;;
E_1666;2850;Rohrbruch;Korrosion / Alterung;1893;GG;0;1999;106;;;
E_1667;2854;Rohrbruch;Korrosion / Alterung;1930;GG;0;2011;81;;;
E_1668;2876;Rohrbruch;Korrosion / Alterung;1936;GG;1977;1977;DOA;;;
E_1669;2881;Rohrbruch;Korrosion / Alterung;1906;GG;1970;1970;DOA;;;
E_1670;2887;Rohrbruch;Korrosion / Alterung;1925;GG;0;2004;79;;;
E_1671;2891;Rohrbruch;Korrosion / Alterung;1907;GG;1970;1970;DOA;;;
E_1672;2894;Rohrbruch;Korrosion / Alterung;1903;GG;0;1992;89;;;
E_1673;2900;Rohrbruch;Korrosion / Alterung;1912;GG;2006;2006;DOA;;;
E_1674;2902;Rohrbruch;Korrosion / Alterung;1944;GG;0;1996;52;;;
E_1675;2909;Rohrbruch;Korrosion / Alterung;1955;GG;0;2014;59;;;
E_1676;2912;Rohrbruch;Korrosion / Alterung;1902;GG;0;2001;99;;;
E_1677;2913;Rohrbruch;Korrosion / Alterung;1900;GG;1986;1986;DOA;;;
E_1678;2924;Rohrbruch;Korrosion / Alterung;1913;GG;1969;1969;DOA;;;
E_1679;2929;Rohrbruch;Korrosion / Alterung;1926;GG;1996;1996;DOA;;;
E_1680;2939;Rohrbruch;Korrosion / Alterung;1919;GG;1988;1988;DOA;;;
E_1681;2942;Rohrbruch;Korrosion / Alterung;1939;GG;0;1992;53;;;
E_1682;2944;Rohrbruch;Korrosion / Alterung;1928;GG;2004;2004;DOA;;;
E_1683;2950;Rohrbruch;Korrosion / Alterung;1939;GG;2000;2000;DOA;;;
E_1684;2951;Rohrbruch;Korrosion / Alterung;1937;GG;1966;1966;DOA;;;
E_1685;2952;Rohrbruch;Korrosion / Alterung;1896;GG;0;1998;102;;;
E_1686;2953;Rohrbruch;Korrosion / Alterung;1918;GG;0;1992;74;;;
E_1687;2954;Rohrbruch;Korrosion / Alterung;1948;GG;0;1991;43;;;
E_1688;2959;Rohrbruch;Korrosion / Alterung;1914;GG;0;1991;77;;;
E_1689;2979;Rohrbruch;Korrosion / Alterung;1954;GG;1975;1975;DOA;;;
E_1690;3001;Rohrbruch;Korrosion / Alterung;1922;GG;1979;1979;DOA;;;
E_1691;3025;Rohrbruch;Korrosion / Alterung;1945;GG;0;2007;62;;;
E_1692;3027;Rohrbruch;Korrosion / Alterung;1940;GG;0;2016;76;;;
E_1693;3031;Rohrbruch;Korrosion / Alterung;1956;GG;0;2005;49;;;
E_1694;3033;Rohrbruch;Korrosion / Alterung;1922;GG;2009;2009;DOA;;;
E_1695;3036;Rohrbruch;Korrosion / Alterung;1936;GG;0;2008;72;;;
E_1696;3042;Rohrbruch;Korrosion / Alterung;1955;GG;0;1999;44;;;
E_1697;3044;Rohrbruch;Korrosion / Alterung;1917;GG;0;1999;82;;;
E_1698;3047;Rohrbruch;Korrosion / Alterung;1902;GG;2002;2002;DOA;;;
E_1699;3049;Rohrbruch;Korrosion / Alterung;1928;GG;0;1993;65;;;
E_1700;3055;Rohrbruch;Korrosion / Alterung;1931;GG;0;2014;83;;;
E_1701;3059;Rohrbruch;Korrosion / Alterung;1907;GG;1986;1986;DOA;;;
E_1702;3069;Rohrbruch;Korrosion / Alterung;1917;GG;0;1995;78;;;
E_1703;3074;Rohrbruch;Korrosion / Alterung;1934;GG;2002;2002;DOA;;;
E_1704;3078;Rohrbruch;Korrosion / Alterung;1916;GG;2002;2002;DOA;;;
E_1705;3079;Rohrbruch;Korrosion / Alterung;1939;GG;2008;2008;DOA;;;
E_1706;3090;Rohrbruch;Korrosion / Alterung;1950;GG;1983;1983;DOA;;;
E_1707;3100;Rohrbruch;Korrosion / Alterung;1951;GG;0;1990;39;;;
E_1708;3101;Rohrbruch;Korrosion / Alterung;1910;GG;0;2010;100;;;
E_1709;3106;Rohrbruch;Korrosion / Alterung;1931;GG;0;1994;63;;;
E_1710;3107;Rohrbruch;Korrosion / Alterung;1896;GG;1968;1968;DOA;;;
E_1711;3110;Rohrbruch;Korrosion / Alterung;1956;GG;1966;1966;DOA;;;
E_1712;3113;Rohrbruch;Korrosion / Alterung;1958;GG;1983;1983;DOA;;;
E_1713;3123;Rohrbruch;Korrosion / Alterung;1959;GG;0;2012;53;;;
E_1714;3141;Rohrbruch;Korrosion / Alterung;1915;GG;1968;1968;DOA;;;
E_1715;3149;Rohrbruch;Korrosion / Alterung;1911;GG;1966;1966;DOA;;;
E_1716;3150;Rohrbruch;Korrosion / Alterung;1946;GG;0;1997;51;;;
E_1717;3153;Rohrbruch;Korrosion / Alterung;1912;GG;1999;1999;DOA;;;
E_1718;3167;Rohrbruch;Korrosion / Alterung;1944;GG;1969;1969;DOA;;;
E_1719;3169;Rohrbruch;Korrosion / Alterung;1925;GG;1985;1985;DOA;;;
E_1720;3172;Rohrbruch;Korrosion / Alterung;1925;GG;0;1994;69;;;
E_1721;3176;Rohrbruch;Korrosion / Alterung;1912;GG;0;1992;80;;;
E_1722;3184;Rohrbruch;Korrosion / Alterung;1938;GG;0;1996;58;;;
E_1723;3196;Rohrbruch;Korrosion / Alterung;1920;GG;0;1997;77;;;
E_1724;3198;Rohrbruch;Korrosion / Alterung;1927;GG;0;1998;71;;;
E_1725;3203;Rohrbruch;Korrosion / Alterung;1931;GG;0;2005;74;;;
E_1726;3209;Rohrbruch;Korrosion / Alterung;1956;GG;1967;1967;DOA;;;
E_1727;3212;Rohrbruch;Korrosion / Alterung;1950;GG;0;1993;43;;;
E_1728;3215;Rohrbruch;Korrosion / Alterung;1905;GG;0;2012;107;;;
E_1729;3216;Rohrbruch;Korrosion / Alterung;1952;GG;0;2010;58;;;
E_1730;3220;Rohrbruch;Korrosion / Alterung;1924;GG;1963;1963;DOA;;;
E_1731;3221;Rohrbruch;Korrosion / Alterung;1960;GG;0;2016;56;;;
E_1732;3241;Rohrbruch;Korrosion / Alterung;1954;GG;1968;1968;DOA;;;
E_1733;3242;Rohrbruch;Korrosion / Alterung;1949;GG;1967;1967;DOA;;;
E_1734;3243;Rohrbruch;Korrosion / Alterung;1890;GG;0;1993;103;;;
E_1735;3251;Rohrbruch;Korrosion / Alterung;1947;GG;1997;1997;DOA;;;
E_1736;3253;Rohrbruch;Korrosion / Alterung;1947;GG;0;2007;60;;;
E_1737;3254;Rohrbruch;Korrosion / Alterung;1920;GG;1972;1972;DOA;;;
E_1738;3258;Rohrbruch;Korrosion / Alterung;1941;GG;0;1997;56;;;
E_1739;3260;Rohrbruch;Korrosion / Alterung;1944;GG;0;2006;62;;;
E_1740;3265;Rohrbruch;Korrosion / Alterung;1902;GG;0;1997;95;;;
E_1741;3266;Rohrbruch;Korrosion / Alterung;1958;GG;2001;2001;DOA;;;
E_1742;3272;Rohrbruch;Korrosion / Alterung;1907;GG;1992;1992;DOA;;;
E_1743;3274;Rohrbruch;Korrosion / Alterung;1891;GG;0;1998;107;;;
E_1744;3275;Rohrbruch;Korrosion / Alterung;1937;GG;0;2012;75;;;
E_1745;3279;Rohrbruch;Korrosion / Alterung;1926;GG;0;2006;80;;;
E_1746;3284;Rohrbruch;Korrosion / Alterung;1937;GG;1966;1966;DOA;;;
E_1747;3289;Rohrbruch;Korrosion / Alterung;1933;GG;1995;1995;DOA;;;
E_1748;3296;Rohrbruch;Korrosion / Alterung;1898;GG;0;1996;98;;;
E_1749;3302;Rohrbruch;Korrosion / Alterung;1919;GG;0;2008;89;;;
E_1750;3310;Rohrbruch;Korrosion / Alterung;1954;GG;1969;1969;DOA;;;
E_1751;;Rohrbruch;Korrosion / Alterung;1940;GG;;2005;;;;
E_1752;;Rohrbruch;Korrosion / Alterung;1945;GG;;2012;;;;
E_1753;;Rohrbruch;Korrosion / Alterung;1950;GG;;2013;;;;
E_1754;;Rohrbruch;Korrosion / Alterung;1955;GG;;2015;;;;
E_1768;;Rohrbruch;Korrosion / Alterung;1990;PE;;2007;;;;
E_1769;;Rohrbruch;Korrosion / Alterung;2000;PE;;2010;;;;
